,wb1,wb2,wb3,wb4,wb5,wb6,wb7,wb8,wb9,wb10,wb11,wb12,wb13,wb14,rs1,rs2,rs3,rs4,rs5,rs6,rs7,rs8,rs9,rs10,rs11,rs12,rs13,rs14,coping1,coping2,coping3,coping4,coping5,coping6,coping7,coping8,coping9,coping10,coping11,coping12,coping13,coping14,coping15,coping16,coping17,coping18,coping19,coping20,coping21,coping22,coping23,coping24,coping25,coping26,coping27,coping28,sex,age,Self_distraction,Active_coping,Denial,Substance_use,Emotional_support,UIS,Behavioral_disengagement,Venting,Positive_reframing,Planning,Humor,Acceptance,Religion,Self_blame,res,well
0,2.0,2.0,3.0,3.0,3.0,2.0,3.0,4.0,2.0,3.0,4.0,4.0,4.0,3.0,4.0,3.0,3.0,4.0,4.0,5.0,5.0,5.0,4.0,5.0,4.0,6.0,5.0,5.0,1.0,2.0,1.0,0.0,2.0,1.0,2.0,1.0,2.0,2.0,0.0,2.0,2.0,1.0,2.0,1.0,2.0,3.0,1.0,2.0,2.0,2.0,2.0,2.0,3.0,2.0,1.0,1.0,2.0,17.0,2.0,4.0,2.0,0.0,4.0,4.0,2.0,4.0,4.0,4.0,4.0,4.0,3.0,4.0,62.0,42.0
1,4.0,5.0,4.0,5.0,4.0,3.0,4.0,4.0,4.0,3.0,3.0,4.0,5.0,4.0,6.0,6.0,7.0,6.0,3.0,4.0,5.0,5.0,6.0,7.0,6.0,6.0,7.0,6.0,3.0,2.0,2.0,1.0,0.0,2.0,2.0,2.0,3.0,3.0,1.0,2.0,1.0,0.0,2.0,1.0,1.0,2.0,2.0,2.0,2.0,2.0,3.0,2.0,1.0,2.0,2.0,1.0,2.0,16.0,5.0,4.0,4.0,2.0,2.0,6.0,3.0,5.0,3.0,1.0,3.0,4.0,4.0,3.0,80.0,56.0
2,3.0,3.0,3.0,3.0,3.0,3.0,3.0,3.0,3.0,3.0,3.0,3.0,4.0,4.0,4.0,4.0,4.0,5.0,5.0,3.0,5.0,4.0,7.0,6.0,5.0,5.0,5.0,6.0,2.0,1.0,1.0,1.0,2.0,1.0,2.0,1.0,1.0,1.0,0.0,1.0,1.0,1.0,2.0,2.0,2.0,1.0,2.0,2.0,1.0,1.0,2.0,2.0,2.0,1.0,1.0,0.0,2.0,15.0,4.0,3.0,2.0,1.0,4.0,3.0,3.0,2.0,3.0,3.0,1.0,4.0,2.0,2.0,68.0,44.0
3,3.0,3.0,3.0,4.0,5.0,3.0,3.0,3.0,4.0,4.0,4.0,4.0,5.0,4.0,6.0,6.0,6.0,6.0,5.0,4.0,6.0,5.0,7.0,6.0,6.0,6.0,6.0,3.0,2.0,2.0,2.0,1.0,1.0,1.0,2.0,2.0,2.0,2.0,1.0,2.0,1.0,1.0,2.0,2.0,2.0,3.0,2.0,2.0,1.0,0.0,1.0,2.0,2.0,1.0,0.0,2.0,2.0,16.0,4.0,4.0,4.0,2.0,3.0,3.0,3.0,3.0,4.0,3.0,5.0,4.0,0.0,2.0,78.0,52.0
4,3.0,1.0,3.0,3.0,3.0,3.0,3.0,3.0,3.0,3.0,3.0,3.0,3.0,3.0,3.0,3.0,4.0,4.0,5.0,4.0,4.0,4.0,4.0,6.0,4.0,4.0,6.0,6.0,2.0,2.0,0.0,1.0,1.0,1.0,2.0,3.0,1.0,2.0,2.0,3.0,1.0,2.0,2.0,2.0,2.0,2.0,3.0,3.0,3.0,3.0,3.0,3.0,2.0,2.0,2.0,1.0,2.0,17.0,5.0,4.0,3.0,3.0,3.0,5.0,3.0,4.0,5.0,4.0,3.0,6.0,5.0,3.0,61.0,40.0
5,5.0,5.0,5.0,5.0,5.0,5.0,3.0,4.0,5.0,5.0,5.0,5.0,5.0,5.0,4.0,7.0,6.0,7.0,6.0,3.0,4.0,4.0,7.0,7.0,5.0,4.0,7.0,7.0,2.0,2.0,3.0,1.0,1.0,1.0,3.0,3.0,3.0,2.0,1.0,2.0,0.0,0.0,1.0,1.0,3.0,0.0,2.0,3.0,2.0,2.0,1.0,3.0,3.0,2.0,0.0,0.0,1.0,15.0,4.0,5.0,6.0,2.0,2.0,3.0,2.0,5.0,5.0,3.0,0.0,6.0,2.0,2.0,78.0,67.0
6,4.0,5.0,5.0,5.0,4.0,4.0,5.0,4.0,4.0,4.0,4.0,5.0,4.0,5.0,5.0,7.0,6.0,6.0,6.0,5.0,6.0,6.0,6.0,7.0,6.0,7.0,7.0,7.0,2.0,2.0,2.0,0.0,2.0,0.0,2.0,2.0,1.0,1.0,1.0,2.0,0.0,2.0,3.0,2.0,2.0,1.0,3.0,3.0,2.0,2.0,3.0,2.0,3.0,2.0,1.0,2.0,2.0,17.0,5.0,4.0,4.0,1.0,5.0,4.0,2.0,3.0,4.0,5.0,3.0,5.0,3.0,2.0,87.0,62.0
7,3.0,4.0,3.0,5.0,4.0,4.0,5.0,4.0,4.0,5.0,4.0,5.0,5.0,4.0,5.0,6.0,5.0,6.0,5.0,6.0,7.0,5.0,5.0,5.0,6.0,6.0,5.0,5.0,3.0,2.0,2.0,1.0,3.0,1.0,2.0,2.0,3.0,3.0,1.0,3.0,2.0,2.0,2.0,1.0,3.0,3.0,3.0,2.0,3.0,1.0,3.0,3.0,3.0,3.0,0.0,0.0,1.0,17.0,6.0,4.0,4.0,2.0,5.0,6.0,2.0,6.0,6.0,5.0,3.0,5.0,1.0,5.0,77.0,59.0
8,2.0,3.0,3.0,4.0,4.0,3.0,2.0,3.0,3.0,3.0,3.0,5.0,3.0,3.0,4.0,4.0,4.0,6.0,4.0,3.0,4.0,4.0,7.0,5.0,7.0,5.0,6.0,4.0,1.0,1.0,0.0,1.0,1.0,1.0,1.0,1.0,1.0,2.0,0.0,1.0,0.0,1.0,1.0,1.0,1.0,0.0,3.0,2.0,0.0,0.0,3.0,2.0,2.0,2.0,0.0,0.0,2.0,15.0,4.0,2.0,1.0,1.0,2.0,5.0,2.0,1.0,2.0,3.0,0.0,4.0,0.0,2.0,67.0,44.0
9,5.0,5.0,4.0,5.0,5.0,3.0,4.0,4.0,3.0,4.0,5.0,5.0,5.0,5.0,6.0,7.0,6.0,7.0,5.0,5.0,5.0,6.0,7.0,7.0,6.0,7.0,7.0,5.0,3.0,3.0,2.0,2.0,3.0,2.0,3.0,3.0,3.0,3.0,1.0,3.0,2.0,3.0,3.0,2.0,2.0,3.0,2.0,3.0,1.0,0.0,3.0,3.0,2.0,3.0,0.0,1.0,1.0,15.0,5.0,6.0,5.0,3.0,6.0,6.0,4.0,4.0,5.0,5.0,4.0,6.0,0.0,5.0,86.0,62.0
10,5.0,3.0,3.0,5.0,5.0,5.0,5.0,5.0,3.0,3.0,4.0,3.0,3.0,5.0,7.0,4.0,7.0,7.0,7.0,7.0,7.0,4.0,7.0,7.0,6.0,6.0,7.0,6.0,3.0,3.0,3.0,0.0,3.0,2.0,2.0,2.0,0.0,0.0,0.0,3.0,1.0,3.0,3.0,0.0,3.0,3.0,3.0,3.0,0.0,1.0,2.0,2.0,3.0,0.0,1.0,1.0,2.0,16.0,6.0,5.0,5.0,0.0,6.0,2.0,2.0,0.0,6.0,6.0,4.0,5.0,2.0,1.0,89.0,57.0
11,2.0,3.0,3.0,3.0,3.0,3.0,3.0,3.0,3.0,3.0,3.0,2.0,3.0,2.0,4.0,2.0,3.0,2.0,3.0,2.0,3.0,3.0,3.0,3.0,2.0,4.0,2.0,4.0,2.0,2.0,2.0,1.0,2.0,2.0,2.0,2.0,2.0,2.0,1.0,1.0,2.0,2.0,2.0,1.0,1.0,0.0,1.0,2.0,2.0,0.0,2.0,2.0,2.0,2.0,0.0,0.0,1.0,16.0,3.0,4.0,4.0,2.0,4.0,4.0,3.0,4.0,2.0,4.0,0.0,4.0,0.0,4.0,40.0,39.0
12,4.0,4.0,4.0,4.0,4.0,4.0,4.0,4.0,4.0,4.0,4.0,5.0,4.0,4.0,7.0,7.0,7.0,7.0,7.0,7.0,7.0,7.0,7.0,7.0,7.0,7.0,7.0,7.0,2.0,2.0,0.0,0.0,2.0,0.0,2.0,0.0,1.0,0.0,0.0,2.0,0.0,1.0,2.0,0.0,2.0,1.0,1.0,2.0,1.0,0.0,2.0,2.0,3.0,1.0,0.0,1.0,1.0,16.0,3.0,4.0,0.0,0.0,4.0,2.0,0.0,2.0,4.0,4.0,2.0,4.0,0.0,1.0,98.0,57.0
13,5.0,3.0,4.0,5.0,4.0,3.0,3.0,2.0,5.0,4.0,4.0,3.0,5.0,3.0,6.0,5.0,7.0,4.0,3.0,7.0,7.0,4.0,7.0,7.0,7.0,7.0,5.0,4.0,2.0,3.0,1.0,2.0,3.0,0.0,3.0,0.0,2.0,2.0,1.0,2.0,2.0,3.0,3.0,1.0,0.0,1.0,1.0,2.0,1.0,0.0,3.0,1.0,3.0,1.0,0.0,0.0,1.0,15.0,3.0,6.0,1.0,3.0,6.0,5.0,1.0,3.0,2.0,6.0,1.0,3.0,0.0,3.0,80.0,53.0
14,2.0,3.0,2.0,5.0,3.0,1.0,1.0,2.0,3.0,4.0,3.0,5.0,4.0,3.0,4.0,3.0,4.0,3.0,3.0,5.0,4.0,4.0,4.0,5.0,6.0,4.0,4.0,3.0,2.0,1.0,2.0,0.0,1.0,2.0,2.0,2.0,2.0,1.0,2.0,1.0,2.0,2.0,2.0,3.0,1.0,2.0,3.0,2.0,1.0,2.0,2.0,1.0,2.0,2.0,3.0,2.0,1.0,17.0,5.0,3.0,4.0,2.0,3.0,3.0,5.0,3.0,2.0,4.0,4.0,3.0,5.0,4.0,56.0,41.0
15,2.0,2.0,4.0,4.0,3.0,1.0,2.0,1.0,2.0,2.0,4.0,1.0,3.0,3.0,2.0,3.0,1.0,2.0,1.0,4.0,2.0,4.0,4.0,1.0,3.0,4.0,1.0,2.0,2.0,2.0,3.0,0.0,1.0,0.0,3.0,1.0,0.0,1.0,0.0,1.0,1.0,1.0,1.0,2.0,1.0,0.0,0.0,1.0,1.0,0.0,1.0,1.0,2.0,3.0,0.0,0.0,1.0,14.0,2.0,5.0,4.0,0.0,2.0,2.0,2.0,1.0,2.0,3.0,0.0,2.0,0.0,4.0,34.0,34.0
16,4.0,4.0,3.0,5.0,2.0,2.0,5.0,2.0,2.0,2.0,4.0,5.0,3.0,5.0,6.0,7.0,7.0,3.0,1.0,6.0,7.0,2.0,7.0,6.0,6.0,6.0,7.0,6.0,2.0,2.0,3.0,0.0,2.0,3.0,2.0,0.0,2.0,0.0,1.0,2.0,0.0,1.0,2.0,1.0,3.0,2.0,2.0,2.0,1.0,1.0,2.0,1.0,1.0,2.0,1.0,2.0,1.0,15.0,4.0,4.0,3.0,1.0,4.0,2.0,4.0,3.0,5.0,2.0,4.0,3.0,2.0,2.0,77.0,48.0
17,2.0,2.0,1.0,5.0,5.0,2.0,2.0,1.0,4.0,2.0,2.0,3.0,2.0,2.0,2.0,5.0,2.0,1.0,3.0,7.0,4.0,4.0,5.0,3.0,3.0,7.0,2.0,4.0,1.0,1.0,1.0,2.0,1.0,1.0,1.0,2.0,2.0,0.0,1.0,1.0,1.0,1.0,1.0,2.0,1.0,1.0,2.0,2.0,2.0,0.0,1.0,2.0,1.0,3.0,0.0,0.0,1.0,17.0,3.0,2.0,3.0,3.0,2.0,1.0,3.0,4.0,2.0,2.0,1.0,4.0,0.0,4.0,52.0,35.0
18,1.0,3.0,2.0,2.0,3.0,4.0,2.0,4.0,2.0,3.0,2.0,2.0,3.0,2.0,3.0,4.0,3.0,5.0,3.0,3.0,2.0,5.0,3.0,4.0,5.0,3.0,2.0,3.0,1.0,2.0,3.0,1.0,0.0,1.0,1.0,3.0,1.0,0.0,1.0,1.0,0.0,1.0,2.0,3.0,1.0,0.0,1.0,2.0,0.0,1.0,2.0,1.0,1.0,2.0,1.0,2.0,2.0,17.0,2.0,3.0,6.0,2.0,2.0,2.0,4.0,1.0,2.0,2.0,2.0,3.0,2.0,2.0,48.0,35.0
19,4.0,5.0,4.0,5.0,4.0,4.0,4.0,4.0,4.0,4.0,4.0,5.0,3.0,4.0,6.0,6.0,4.0,7.0,5.0,4.0,5.0,5.0,4.0,6.0,6.0,6.0,6.0,6.0,3.0,2.0,2.0,1.0,3.0,0.0,2.0,0.0,2.0,2.0,0.0,2.0,2.0,2.0,1.0,1.0,2.0,3.0,2.0,2.0,3.0,0.0,2.0,2.0,2.0,2.0,0.0,1.0,2.0,18.0,5.0,4.0,2.0,1.0,4.0,4.0,1.0,5.0,4.0,4.0,4.0,4.0,0.0,4.0,76.0,58.0
20,1.0,2.0,3.0,3.0,3.0,3.0,3.0,3.0,3.0,3.0,3.0,3.0,3.0,3.0,4.0,4.0,4.0,4.0,4.0,4.0,4.0,4.0,4.0,4.0,4.0,4.0,4.0,4.0,2.0,1.0,1.0,1.0,1.0,1.0,1.0,1.0,1.0,1.0,1.0,1.0,1.0,1.0,1.0,1.0,1.0,1.0,1.0,1.0,1.0,1.0,1.0,1.0,1.0,1.0,1.0,1.0,2.0,13.0,3.0,2.0,2.0,2.0,2.0,2.0,2.0,2.0,2.0,2.0,2.0,2.0,2.0,2.0,56.0,39.0
21,1.0,3.0,3.0,3.0,3.0,3.0,3.0,3.0,2.0,2.0,4.0,1.0,5.0,3.0,4.0,3.0,1.0,5.0,4.0,4.0,5.0,5.0,5.0,4.0,3.0,4.0,3.0,2.0,3.0,0.0,1.0,3.0,1.0,2.0,1.0,2.0,1.0,2.0,3.0,2.0,3.0,1.0,2.0,1.0,1.0,2.0,0.0,2.0,3.0,0.0,2.0,1.0,1.0,2.0,0.0,2.0,2.0,15.0,3.0,1.0,3.0,6.0,3.0,4.0,3.0,4.0,3.0,2.0,4.0,3.0,0.0,5.0,52.0,39.0
22,2.0,2.0,2.0,2.0,2.0,2.0,2.0,1.0,1.0,1.0,1.0,1.0,3.0,2.0,2.0,2.0,5.0,2.0,3.0,2.0,2.0,2.0,7.0,3.0,3.0,3.0,3.0,4.0,3.0,3.0,2.0,2.0,1.0,1.0,1.0,1.0,1.0,1.0,1.0,2.0,1.0,1.0,1.0,2.0,1.0,2.0,2.0,1.0,2.0,1.0,1.0,2.0,2.0,1.0,2.0,1.0,2.0,17.0,5.0,4.0,3.0,3.0,2.0,2.0,3.0,3.0,3.0,3.0,3.0,3.0,3.0,2.0,43.0,24.0
23,4.0,3.0,3.0,3.0,3.0,3.0,3.0,3.0,3.0,3.0,3.0,3.0,3.0,3.0,2.0,3.0,3.0,3.0,4.0,3.0,3.0,3.0,3.0,3.0,4.0,3.0,3.0,3.0,1.0,2.0,1.0,1.0,1.0,2.0,1.0,1.0,2.0,2.0,1.0,2.0,2.0,2.0,1.0,2.0,1.0,1.0,1.0,1.0,1.0,1.0,2.0,1.0,1.0,1.0,1.0,1.0,2.0,16.0,2.0,3.0,2.0,2.0,2.0,4.0,4.0,3.0,3.0,3.0,2.0,2.0,2.0,3.0,43.0,43.0
24,3.0,4.0,4.0,5.0,5.0,4.0,3.0,3.0,2.0,4.0,4.0,5.0,4.0,5.0,5.0,4.0,3.0,4.0,4.0,4.0,4.0,5.0,6.0,7.0,5.0,6.0,5.0,5.0,2.0,2.0,2.0,2.0,2.0,2.0,2.0,2.0,3.0,2.0,1.0,1.0,2.0,2.0,2.0,2.0,3.0,2.0,1.0,0.0,3.0,1.0,3.0,3.0,2.0,3.0,2.0,1.0,1.0,17.0,3.0,4.0,4.0,3.0,4.0,5.0,4.0,6.0,4.0,4.0,3.0,3.0,3.0,5.0,67.0,55.0
25,3.0,2.0,1.0,2.0,3.0,2.0,2.0,1.0,2.0,1.0,4.0,2.0,3.0,2.0,3.0,5.0,2.0,1.0,3.0,2.0,6.0,3.0,6.0,4.0,3.0,7.0,5.0,4.0,1.0,1.0,2.0,0.0,2.0,1.0,3.0,0.0,1.0,1.0,0.0,2.0,0.0,2.0,2.0,2.0,1.0,0.0,3.0,2.0,2.0,1.0,2.0,3.0,3.0,2.0,0.0,0.0,1.0,17.0,4.0,4.0,2.0,0.0,4.0,3.0,3.0,3.0,3.0,5.0,0.0,5.0,1.0,2.0,54.0,30.0
26,3.0,2.0,4.0,5.0,5.0,3.0,1.0,5.0,2.0,5.0,5.0,3.0,5.0,5.0,4.0,2.0,7.0,2.0,2.0,7.0,7.0,7.0,7.0,7.0,7.0,3.0,2.0,2.0,3.0,1.0,0.0,3.0,3.0,3.0,3.0,3.0,0.0,3.0,3.0,3.0,3.0,3.0,3.0,3.0,3.0,3.0,3.0,3.0,3.0,3.0,3.0,3.0,3.0,2.0,0.0,0.0,2.0,15.0,6.0,4.0,3.0,6.0,6.0,6.0,6.0,3.0,6.0,6.0,3.0,6.0,3.0,5.0,66.0,53.0
27,1.0,3.0,1.0,1.0,5.0,1.0,3.0,1.0,1.0,3.0,4.0,2.0,3.0,1.0,4.0,1.0,1.0,1.0,2.0,1.0,3.0,4.0,1.0,7.0,1.0,5.0,2.0,6.0,3.0,1.0,3.0,0.0,3.0,3.0,3.0,0.0,3.0,0.0,0.0,2.0,3.0,3.0,0.0,3.0,2.0,2.0,0.0,3.0,3.0,0.0,3.0,3.0,3.0,3.0,0.0,3.0,1.0,13.0,3.0,4.0,3.0,0.0,3.0,3.0,6.0,6.0,4.0,6.0,5.0,6.0,0.0,6.0,39.0,30.0
28,3.0,3.0,2.0,4.0,4.0,3.0,2.0,3.0,4.0,4.0,4.0,4.0,4.0,4.0,3.0,7.0,6.0,5.0,5.0,5.0,4.0,7.0,7.0,5.0,5.0,5.0,6.0,6.0,3.0,3.0,2.0,1.0,2.0,1.0,2.0,2.0,3.0,3.0,1.0,2.0,1.0,2.0,2.0,0.0,3.0,0.0,1.0,2.0,0.0,0.0,3.0,2.0,2.0,2.0,0.0,0.0,1.0,17.0,4.0,5.0,4.0,2.0,4.0,6.0,1.0,3.0,5.0,4.0,0.0,4.0,0.0,3.0,76.0,48.0
29,3.0,5.0,5.0,5.0,5.0,5.0,5.0,5.0,5.0,4.0,5.0,5.0,5.0,5.0,5.0,7.0,6.0,5.0,5.0,7.0,7.0,7.0,5.0,7.0,7.0,7.0,7.0,7.0,2.0,3.0,3.0,0.0,3.0,0.0,3.0,0.0,3.0,2.0,0.0,2.0,0.0,3.0,3.0,0.0,3.0,0.0,3.0,3.0,3.0,3.0,3.0,3.0,3.0,0.0,3.0,0.0,1.0,16.0,5.0,6.0,3.0,0.0,6.0,5.0,0.0,6.0,5.0,6.0,0.0,6.0,6.0,0.0,89.0,67.0
30,5.0,4.0,3.0,4.0,5.0,5.0,5.0,3.0,2.0,5.0,5.0,1.0,5.0,3.0,7.0,6.0,6.0,4.0,7.0,7.0,7.0,7.0,7.0,7.0,3.0,7.0,4.0,7.0,2.0,1.0,0.0,3.0,1.0,0.0,2.0,0.0,2.0,0.0,3.0,3.0,2.0,3.0,1.0,0.0,0.0,3.0,1.0,3.0,3.0,0.0,3.0,3.0,3.0,2.0,0.0,2.0,1.0,17.0,3.0,3.0,0.0,6.0,2.0,3.0,0.0,5.0,3.0,6.0,5.0,6.0,0.0,4.0,86.0,55.0
31,5.0,2.0,2.0,5.0,2.0,2.0,3.0,3.0,3.0,4.0,4.0,5.0,5.0,3.0,4.0,7.0,2.0,7.0,5.0,7.0,6.0,7.0,7.0,7.0,6.0,7.0,7.0,6.0,3.0,3.0,3.0,0.0,3.0,0.0,3.0,2.0,2.0,3.0,0.0,3.0,0.0,3.0,3.0,0.0,3.0,0.0,2.0,3.0,1.0,1.0,3.0,3.0,3.0,1.0,0.0,0.0,1.0,17.0,5.0,6.0,5.0,0.0,6.0,6.0,0.0,3.0,6.0,6.0,0.0,6.0,1.0,1.0,85.0,48.0
32,2.0,2.0,3.0,5.0,5.0,3.0,2.0,3.0,3.0,3.0,3.0,3.0,3.0,4.0,4.0,2.0,4.0,5.0,4.0,5.0,3.0,4.0,4.0,4.0,4.0,4.0,3.0,4.0,1.0,1.0,2.0,3.0,2.0,2.0,1.0,2.0,1.0,1.0,2.0,1.0,3.0,1.0,1.0,1.0,1.0,2.0,2.0,3.0,1.0,0.0,1.0,1.0,1.0,1.0,0.0,1.0,1.0,14.0,3.0,2.0,4.0,5.0,3.0,2.0,3.0,2.0,2.0,2.0,3.0,4.0,0.0,4.0,54.0,44.0
33,4.0,4.0,3.0,4.0,5.0,4.0,3.0,3.0,3.0,3.0,3.0,3.0,3.0,3.0,3.0,3.0,3.0,3.0,3.0,3.0,3.0,3.0,3.0,3.0,3.0,3.0,3.0,3.0,1.0,1.0,1.0,1.0,1.0,1.0,1.0,1.0,1.0,1.0,2.0,2.0,2.0,2.0,1.0,2.0,1.0,1.0,1.0,1.0,1.0,1.0,1.0,2.0,1.0,2.0,2.0,1.0,1.0,16.0,2.0,2.0,2.0,3.0,2.0,2.0,3.0,2.0,3.0,3.0,2.0,3.0,3.0,4.0,42.0,48.0
34,3.0,4.0,4.0,4.0,5.0,4.0,4.0,4.0,4.0,5.0,5.0,5.0,5.0,5.0,7.0,7.0,3.0,7.0,7.0,7.0,7.0,7.0,7.0,7.0,7.0,6.0,7.0,7.0,3.0,2.0,1.0,3.0,3.0,0.0,0.0,0.0,1.0,3.0,0.0,3.0,0.0,2.0,3.0,0.0,2.0,2.0,2.0,3.0,3.0,1.0,3.0,3.0,2.0,0.0,0.0,3.0,1.0,17.0,5.0,2.0,1.0,3.0,6.0,6.0,0.0,4.0,5.0,4.0,5.0,6.0,1.0,0.0,93.0,61.0
35,3.0,4.0,4.0,4.0,4.0,2.0,3.0,3.0,4.0,3.0,3.0,4.0,4.0,4.0,5.0,6.0,4.0,5.0,5.0,5.0,5.0,5.0,7.0,6.0,4.0,5.0,6.0,5.0,2.0,2.0,0.0,0.0,3.0,0.0,2.0,1.0,1.0,3.0,0.0,3.0,2.0,2.0,3.0,1.0,2.0,1.0,2.0,2.0,2.0,1.0,3.0,2.0,2.0,1.0,0.0,1.0,1.0,16.0,4.0,4.0,1.0,0.0,6.0,6.0,1.0,3.0,5.0,4.0,2.0,4.0,1.0,3.0,73.0,49.0
36,2.0,5.0,4.0,4.0,4.0,4.0,4.0,4.0,4.0,3.0,3.0,5.0,4.0,3.0,3.0,3.0,4.0,4.0,3.0,1.0,3.0,1.0,4.0,4.0,4.0,4.0,4.0,4.0,2.0,2.0,1.0,0.0,2.0,0.0,3.0,0.0,3.0,2.0,0.0,1.0,0.0,2.0,2.0,0.0,3.0,0.0,3.0,1.0,1.0,1.0,3.0,3.0,2.0,1.0,0.0,0.0,1.0,15.0,5.0,5.0,1.0,0.0,4.0,5.0,0.0,4.0,4.0,4.0,0.0,4.0,1.0,1.0,46.0,53.0
37,4.0,3.0,4.0,4.0,4.0,3.0,3.0,3.0,2.0,2.0,4.0,4.0,5.0,3.0,3.0,3.0,3.0,4.0,4.0,4.0,4.0,4.0,5.0,5.0,4.0,5.0,5.0,4.0,1.0,1.0,2.0,0.0,2.0,1.0,1.0,2.0,2.0,2.0,1.0,1.0,2.0,2.0,2.0,2.0,2.0,2.0,0.0,2.0,2.0,0.0,2.0,2.0,2.0,2.0,0.0,2.0,2.0,17.0,1.0,2.0,4.0,1.0,4.0,4.0,3.0,4.0,3.0,4.0,4.0,4.0,0.0,4.0,57.0,48.0
38,4.0,3.0,3.0,4.0,4.0,2.0,3.0,3.0,4.0,4.0,4.0,4.0,4.0,4.0,4.0,5.0,3.0,4.0,6.0,2.0,6.0,5.0,7.0,7.0,6.0,7.0,6.0,6.0,3.0,2.0,2.0,0.0,2.0,0.0,2.0,2.0,2.0,2.0,0.0,2.0,2.0,2.0,3.0,1.0,2.0,1.0,2.0,2.0,1.0,3.0,3.0,2.0,2.0,3.0,3.0,1.0,2.0,17.0,5.0,4.0,4.0,0.0,5.0,5.0,1.0,3.0,4.0,4.0,2.0,4.0,6.0,5.0,74.0,50.0
39,3.0,5.0,5.0,4.0,5.0,2.0,2.0,1.0,3.0,4.0,3.0,5.0,5.0,4.0,4.0,5.0,1.0,7.0,5.0,6.0,4.0,1.0,7.0,6.0,5.0,6.0,7.0,3.0,0.0,2.0,0.0,2.0,3.0,0.0,1.0,0.0,0.0,3.0,0.0,2.0,0.0,2.0,3.0,1.0,3.0,2.0,3.0,0.0,3.0,1.0,3.0,1.0,2.0,0.0,0.0,2.0,2.0,18.0,3.0,3.0,0.0,2.0,6.0,6.0,1.0,3.0,5.0,4.0,4.0,1.0,1.0,0.0,67.0,51.0
40,5.0,4.0,4.0,5.0,4.0,4.0,5.0,5.0,4.0,5.0,5.0,5.0,5.0,4.0,6.0,7.0,5.0,7.0,4.0,6.0,5.0,5.0,7.0,6.0,6.0,6.0,7.0,6.0,2.0,2.0,3.0,1.0,2.0,0.0,2.0,0.0,2.0,2.0,1.0,3.0,0.0,2.0,2.0,0.0,2.0,2.0,2.0,3.0,2.0,2.0,2.0,3.0,2.0,0.0,1.0,2.0,2.0,15.0,4.0,4.0,3.0,2.0,4.0,4.0,0.0,4.0,5.0,4.0,4.0,6.0,3.0,0.0,83.0,64.0
41,3.0,3.0,4.0,4.0,5.0,1.0,1.0,4.0,3.0,4.0,4.0,5.0,4.0,5.0,4.0,6.0,3.0,6.0,3.0,4.0,2.0,4.0,5.0,5.0,4.0,3.0,5.0,5.0,2.0,1.0,2.0,0.0,1.0,2.0,2.0,1.0,1.0,2.0,0.0,2.0,1.0,1.0,2.0,1.0,2.0,1.0,2.0,1.0,3.0,2.0,2.0,1.0,2.0,2.0,1.0,2.0,2.0,14.0,4.0,3.0,3.0,0.0,3.0,4.0,3.0,4.0,4.0,3.0,3.0,2.0,3.0,3.0,59.0,50.0
42,5.0,4.0,1.0,5.0,5.0,5.0,5.0,5.0,4.0,3.0,5.0,5.0,5.0,5.0,4.0,7.0,5.0,7.0,7.0,7.0,7.0,7.0,7.0,7.0,5.0,7.0,3.0,7.0,3.0,3.0,2.0,0.0,2.0,0.0,3.0,3.0,3.0,0.0,0.0,3.0,3.0,3.0,3.0,0.0,2.0,3.0,3.0,3.0,0.0,0.0,1.0,3.0,3.0,2.0,0.0,2.0,2.0,18.0,6.0,6.0,5.0,0.0,5.0,1.0,0.0,3.0,5.0,6.0,5.0,6.0,0.0,5.0,87.0,62.0
43,5.0,3.0,4.0,5.0,5.0,3.0,2.0,5.0,5.0,5.0,5.0,5.0,5.0,5.0,5.0,4.0,2.0,6.0,3.0,7.0,7.0,4.0,7.0,7.0,7.0,7.0,7.0,7.0,3.0,2.0,0.0,0.0,3.0,1.0,3.0,3.0,3.0,3.0,0.0,3.0,1.0,3.0,3.0,0.0,3.0,2.0,3.0,2.0,3.0,2.0,3.0,3.0,3.0,1.0,2.0,1.0,2.0,17.0,6.0,5.0,3.0,0.0,6.0,6.0,1.0,6.0,6.0,6.0,3.0,5.0,4.0,2.0,80.0,62.0
44,4.0,3.0,3.0,4.0,4.0,3.0,4.0,4.0,4.0,3.0,5.0,5.0,5.0,4.0,4.0,6.0,4.0,6.0,5.0,4.0,7.0,7.0,7.0,5.0,7.0,7.0,7.0,5.0,3.0,2.0,2.0,3.0,3.0,0.0,3.0,2.0,2.0,3.0,2.0,2.0,0.0,3.0,2.0,0.0,2.0,2.0,2.0,3.0,0.0,1.0,3.0,2.0,2.0,1.0,2.0,1.0,2.0,18.0,5.0,5.0,4.0,5.0,5.0,6.0,0.0,2.0,4.0,5.0,3.0,5.0,3.0,1.0,81.0,55.0
45,5.0,4.0,2.0,5.0,5.0,4.0,3.0,4.0,5.0,5.0,4.0,5.0,4.0,3.0,6.0,4.0,3.0,6.0,2.0,7.0,6.0,4.0,7.0,7.0,6.0,7.0,7.0,6.0,3.0,2.0,1.0,3.0,3.0,0.0,2.0,2.0,1.0,2.0,3.0,0.0,1.0,3.0,3.0,0.0,1.0,0.0,3.0,3.0,3.0,2.0,2.0,2.0,3.0,3.0,2.0,0.0,2.0,16.0,6.0,4.0,3.0,6.0,6.0,4.0,0.0,4.0,1.0,6.0,0.0,5.0,4.0,4.0,78.0,58.0
46,5.0,3.0,3.0,3.0,2.0,3.0,2.0,2.0,3.0,3.0,3.0,3.0,3.0,3.0,4.0,4.0,4.0,7.0,3.0,4.0,3.0,3.0,3.0,4.0,4.0,4.0,4.0,4.0,2.0,2.0,1.0,3.0,3.0,2.0,3.0,2.0,2.0,2.0,3.0,2.0,2.0,2.0,2.0,2.0,1.0,2.0,2.0,1.0,2.0,2.0,2.0,2.0,1.0,3.0,3.0,2.0,2.0,17.0,4.0,5.0,3.0,6.0,5.0,4.0,4.0,4.0,3.0,3.0,4.0,3.0,5.0,5.0,55.0,41.0
47,3.0,3.0,2.0,4.0,1.0,1.0,1.0,1.0,1.0,1.0,1.0,1.0,1.0,1.0,3.0,3.0,3.0,3.0,3.0,3.0,3.0,3.0,3.0,3.0,3.0,3.0,3.0,3.0,1.0,1.0,0.0,3.0,0.0,3.0,0.0,1.0,1.0,1.0,3.0,1.0,0.0,0.0,0.0,0.0,1.0,1.0,1.0,1.0,2.0,2.0,2.0,2.0,2.0,0.0,0.0,3.0,2.0,14.0,2.0,1.0,1.0,6.0,0.0,3.0,3.0,3.0,2.0,2.0,4.0,3.0,2.0,0.0,42.0,22.0
48,5.0,5.0,5.0,5.0,5.0,5.0,5.0,5.0,5.0,5.0,5.0,5.0,5.0,5.0,7.0,3.0,5.0,5.0,6.0,4.0,6.0,3.0,6.0,5.0,6.0,3.0,1.0,7.0,1.0,3.0,0.0,0.0,3.0,0.0,3.0,0.0,0.0,3.0,0.0,3.0,0.0,3.0,3.0,0.0,2.0,2.0,1.0,2.0,1.0,0.0,3.0,2.0,3.0,0.0,0.0,0.0,2.0,16.0,2.0,6.0,0.0,0.0,6.0,6.0,0.0,1.0,5.0,6.0,2.0,4.0,0.0,0.0,67.0,70.0
49,5.0,5.0,5.0,5.0,5.0,5.0,5.0,5.0,5.0,5.0,5.0,5.0,5.0,5.0,4.0,5.0,5.0,7.0,5.0,5.0,5.0,3.0,5.0,6.0,6.0,5.0,6.0,6.0,2.0,2.0,0.0,0.0,3.0,0.0,2.0,0.0,2.0,2.0,0.0,2.0,0.0,2.0,3.0,0.0,3.0,0.0,1.0,3.0,1.0,0.0,3.0,2.0,2.0,0.0,0.0,0.0,2.0,17.0,3.0,4.0,0.0,0.0,6.0,5.0,0.0,3.0,5.0,4.0,0.0,5.0,0.0,0.0,73.0,70.0
50,5.0,5.0,5.0,5.0,5.0,5.0,5.0,5.0,5.0,5.0,5.0,5.0,4.0,5.0,6.0,4.0,4.0,6.0,4.0,5.0,5.0,4.0,5.0,5.0,5.0,5.0,6.0,6.0,2.0,2.0,0.0,1.0,3.0,1.0,1.0,1.0,1.0,2.0,1.0,1.0,2.0,1.0,2.0,2.0,2.0,2.0,2.0,1.0,1.0,0.0,2.0,2.0,2.0,1.0,0.0,1.0,2.0,16.0,4.0,3.0,1.0,2.0,5.0,4.0,3.0,2.0,3.0,3.0,3.0,3.0,0.0,3.0,70.0,69.0
51,4.0,4.0,3.0,4.0,4.0,4.0,4.0,4.0,4.0,4.0,4.0,4.0,5.0,4.0,4.0,5.0,5.0,6.0,3.0,5.0,5.0,5.0,6.0,5.0,6.0,6.0,7.0,6.0,3.0,3.0,3.0,0.0,3.0,0.0,3.0,2.0,3.0,3.0,0.0,2.0,0.0,3.0,3.0,0.0,3.0,2.0,3.0,3.0,2.0,2.0,3.0,3.0,3.0,0.0,2.0,0.0,2.0,18.0,6.0,6.0,5.0,0.0,6.0,6.0,0.0,5.0,5.0,6.0,2.0,6.0,4.0,0.0,74.0,56.0
52,3.0,2.0,2.0,2.0,3.0,3.0,4.0,4.0,3.0,2.0,5.0,3.0,3.0,3.0,4.0,3.0,4.0,4.0,3.0,5.0,3.0,3.0,5.0,4.0,2.0,5.0,6.0,4.0,2.0,2.0,2.0,0.0,2.0,1.0,2.0,1.0,2.0,1.0,0.0,1.0,0.0,0.0,1.0,1.0,1.0,1.0,2.0,1.0,3.0,0.0,3.0,1.0,1.0,0.0,0.0,1.0,2.0,16.0,4.0,4.0,3.0,0.0,3.0,4.0,2.0,5.0,2.0,1.0,2.0,2.0,0.0,0.0,55.0,42.0
53,2.0,2.0,2.0,4.0,3.0,2.0,2.0,3.0,5.0,3.0,4.0,2.0,4.0,3.0,3.0,4.0,1.0,4.0,3.0,4.0,2.0,6.0,5.0,5.0,3.0,5.0,5.0,5.0,2.0,2.0,1.0,2.0,2.0,1.0,2.0,2.0,2.0,3.0,2.0,1.0,2.0,2.0,3.0,1.0,1.0,1.0,2.0,3.0,3.0,1.0,3.0,3.0,2.0,3.0,2.0,0.0,2.0,17.0,4.0,4.0,3.0,4.0,5.0,6.0,2.0,5.0,2.0,4.0,1.0,6.0,3.0,5.0,55.0,41.0
54,5.0,5.0,3.0,5.0,4.0,5.0,5.0,5.0,4.0,3.0,4.0,3.0,5.0,4.0,7.0,7.0,6.0,7.0,7.0,7.0,6.0,7.0,7.0,4.0,7.0,6.0,7.0,6.0,0.0,1.0,0.0,2.0,3.0,0.0,3.0,0.0,0.0,3.0,2.0,0.0,0.0,2.0,3.0,0.0,0.0,0.0,0.0,2.0,0.0,0.0,3.0,1.0,3.0,0.0,0.0,0.0,2.0,17.0,0.0,4.0,0.0,4.0,6.0,6.0,0.0,0.0,0.0,5.0,0.0,3.0,0.0,0.0,91.0,60.0
55,4.0,5.0,5.0,5.0,5.0,5.0,5.0,5.0,5.0,5.0,5.0,4.0,5.0,4.0,6.0,5.0,6.0,6.0,6.0,7.0,5.0,7.0,7.0,7.0,5.0,7.0,7.0,7.0,2.0,3.0,0.0,1.0,3.0,0.0,3.0,0.0,2.0,3.0,0.0,2.0,1.0,3.0,3.0,0.0,3.0,2.0,0.0,3.0,1.0,1.0,3.0,3.0,3.0,2.0,1.0,1.0,2.0,18.0,2.0,6.0,0.0,1.0,6.0,6.0,0.0,3.0,5.0,6.0,3.0,6.0,2.0,3.0,88.0,67.0
56,4.0,4.0,4.0,4.0,4.0,4.0,4.0,4.0,5.0,4.0,4.0,5.0,4.0,5.0,5.0,4.0,7.0,6.0,5.0,7.0,5.0,7.0,7.0,6.0,4.0,7.0,7.0,5.0,3.0,3.0,0.0,2.0,3.0,2.0,3.0,1.0,1.0,3.0,3.0,1.0,1.0,1.0,3.0,0.0,1.0,2.0,0.0,3.0,0.0,1.0,3.0,1.0,2.0,1.0,1.0,1.0,2.0,17.0,3.0,6.0,1.0,5.0,6.0,6.0,2.0,1.0,2.0,3.0,3.0,4.0,2.0,2.0,82.0,59.0
57,3.0,2.0,4.0,2.0,3.0,4.0,3.0,4.0,4.0,3.0,3.0,2.0,3.0,2.0,4.0,4.0,5.0,3.0,5.0,3.0,3.0,4.0,4.0,5.0,4.0,4.0,5.0,3.0,2.0,2.0,1.0,2.0,2.0,2.0,1.0,1.0,1.0,2.0,1.0,2.0,2.0,2.0,1.0,2.0,1.0,2.0,1.0,2.0,2.0,2.0,2.0,1.0,1.0,2.0,1.0,3.0,2.0,15.0,3.0,3.0,2.0,3.0,3.0,4.0,4.0,3.0,3.0,3.0,5.0,3.0,3.0,4.0,56.0,42.0
58,5.0,5.0,5.0,5.0,5.0,5.0,5.0,5.0,5.0,5.0,5.0,5.0,5.0,5.0,6.0,5.0,5.0,6.0,6.0,4.0,5.0,5.0,6.0,6.0,5.0,6.0,6.0,6.0,1.0,3.0,0.0,0.0,3.0,0.0,3.0,0.0,1.0,3.0,0.0,2.0,0.0,3.0,2.0,0.0,2.0,0.0,1.0,2.0,1.0,0.0,3.0,3.0,3.0,0.0,0.0,0.0,2.0,16.0,2.0,6.0,0.0,0.0,5.0,6.0,0.0,2.0,4.0,6.0,0.0,5.0,0.0,0.0,77.0,70.0
59,3.0,3.0,1.0,4.0,3.0,2.0,3.0,1.0,3.0,4.0,5.0,2.0,3.0,4.0,6.0,5.0,3.0,4.0,2.0,1.0,6.0,5.0,7.0,6.0,6.0,5.0,6.0,4.0,2.0,2.0,0.0,2.0,1.0,0.0,2.0,0.0,2.0,2.0,2.0,2.0,0.0,2.0,1.0,1.0,2.0,1.0,0.0,2.0,1.0,0.0,2.0,3.0,3.0,0.0,0.0,0.0,2.0,15.0,2.0,4.0,0.0,4.0,2.0,4.0,1.0,3.0,4.0,5.0,1.0,5.0,0.0,0.0,66.0,41.0
60,2.0,4.0,2.0,5.0,4.0,2.0,3.0,3.0,4.0,3.0,3.0,3.0,4.0,3.0,4.0,5.0,4.0,6.0,4.0,5.0,4.0,4.0,7.0,7.0,6.0,5.0,6.0,5.0,2.0,2.0,2.0,2.0,3.0,2.0,2.0,2.0,2.0,2.0,2.0,2.0,1.0,2.0,2.0,1.0,2.0,1.0,1.0,2.0,2.0,0.0,2.0,2.0,2.0,3.0,0.0,0.0,2.0,15.0,3.0,4.0,4.0,4.0,5.0,4.0,3.0,4.0,4.0,4.0,1.0,4.0,0.0,4.0,72.0,45.0
61,3.0,3.0,3.0,4.0,3.0,3.0,3.0,3.0,3.0,4.0,3.0,3.0,4.0,4.0,3.0,5.0,4.0,5.0,4.0,3.0,3.0,2.0,5.0,3.0,6.0,5.0,6.0,5.0,1.0,2.0,1.0,1.0,1.0,0.0,1.0,1.0,1.0,2.0,1.0,2.0,0.0,2.0,2.0,1.0,2.0,1.0,2.0,3.0,1.0,1.0,2.0,2.0,2.0,1.0,2.0,1.0,2.0,16.0,3.0,3.0,2.0,2.0,3.0,4.0,1.0,2.0,4.0,4.0,2.0,5.0,3.0,1.0,59.0,46.0
62,1.0,1.0,3.0,5.0,5.0,1.0,1.0,3.0,3.0,3.0,3.0,4.0,4.0,5.0,4.0,1.0,6.0,4.0,1.0,1.0,1.0,1.0,7.0,7.0,1.0,4.0,3.0,1.0,1.0,0.0,2.0,3.0,1.0,1.0,1.0,3.0,1.0,0.0,3.0,1.0,2.0,1.0,2.0,2.0,0.0,3.0,3.0,0.0,3.0,0.0,3.0,1.0,0.0,0.0,0.0,1.0,2.0,17.0,4.0,1.0,5.0,6.0,3.0,3.0,3.0,4.0,1.0,1.0,4.0,1.0,0.0,2.0,42.0,42.0
63,5.0,5.0,3.0,3.0,3.0,3.0,3.0,4.0,4.0,3.0,3.0,5.0,5.0,5.0,6.0,5.0,4.0,3.0,2.0,1.0,2.0,4.0,4.0,7.0,7.0,7.0,7.0,7.0,2.0,2.0,2.0,2.0,2.0,2.0,2.0,2.0,2.0,2.0,2.0,2.0,2.0,2.0,3.0,3.0,3.0,3.0,3.0,2.0,2.0,3.0,2.0,2.0,2.0,2.0,3.0,3.0,2.0,17.0,5.0,4.0,4.0,4.0,5.0,4.0,5.0,4.0,5.0,4.0,6.0,4.0,6.0,4.0,66.0,54.0
64,4.0,3.0,3.0,5.0,4.0,4.0,4.0,5.0,4.0,4.0,5.0,3.0,5.0,5.0,7.0,5.0,5.0,7.0,7.0,7.0,7.0,7.0,7.0,5.0,7.0,7.0,7.0,7.0,2.0,3.0,0.0,0.0,1.0,0.0,3.0,1.0,0.0,0.0,0.0,3.0,1.0,1.0,1.0,0.0,2.0,2.0,1.0,2.0,1.0,3.0,1.0,2.0,2.0,1.0,3.0,1.0,2.0,18.0,3.0,6.0,1.0,0.0,2.0,1.0,0.0,1.0,5.0,3.0,3.0,4.0,6.0,2.0,92.0,58.0
65,2.0,3.0,3.0,3.0,3.0,3.0,3.0,3.0,3.0,3.0,3.0,3.0,3.0,3.0,4.0,3.0,3.0,3.0,3.0,3.0,3.0,4.0,4.0,4.0,4.0,4.0,3.0,3.0,1.0,1.0,0.0,1.0,1.0,0.0,1.0,1.0,1.0,1.0,1.0,1.0,1.0,1.0,1.0,1.0,2.0,2.0,1.0,1.0,1.0,1.0,1.0,1.0,1.0,1.0,1.0,1.0,2.0,17.0,2.0,2.0,1.0,2.0,2.0,2.0,1.0,2.0,3.0,2.0,3.0,2.0,2.0,2.0,48.0,41.0
66,2.0,3.0,2.0,3.0,3.0,1.0,2.0,3.0,3.0,4.0,2.0,3.0,2.0,2.0,4.0,1.0,4.0,7.0,1.0,1.0,1.0,4.0,7.0,6.0,6.0,4.0,4.0,4.0,1.0,0.0,0.0,1.0,1.0,1.0,1.0,1.0,1.0,1.0,1.0,1.0,0.0,0.0,1.0,2.0,1.0,1.0,0.0,1.0,2.0,0.0,2.0,1.0,0.0,1.0,0.0,1.0,2.0,15.0,1.0,1.0,1.0,2.0,2.0,3.0,3.0,3.0,2.0,0.0,2.0,2.0,0.0,1.0,54.0,35.0
67,1.0,3.0,1.0,4.0,2.0,4.0,1.0,5.0,5.0,5.0,5.0,5.0,5.0,5.0,7.0,4.0,1.0,7.0,7.0,4.0,7.0,7.0,7.0,7.0,7.0,2.0,7.0,7.0,1.0,0.0,0.0,1.0,2.0,1.0,0.0,3.0,0.0,0.0,2.0,0.0,0.0,0.0,0.0,0.0,0.0,2.0,0.0,0.0,3.0,0.0,1.0,0.0,0.0,0.0,0.0,3.0,2.0,16.0,1.0,0.0,3.0,3.0,2.0,1.0,1.0,3.0,0.0,0.0,5.0,0.0,0.0,0.0,81.0,51.0
68,2.0,2.0,1.0,5.0,2.0,5.0,5.0,5.0,5.0,5.0,5.0,5.0,5.0,5.0,7.0,7.0,7.0,7.0,7.0,7.0,7.0,7.0,7.0,7.0,7.0,7.0,7.0,7.0,0.0,0.0,1.0,2.0,0.0,3.0,3.0,3.0,0.0,0.0,3.0,0.0,0.0,0.0,0.0,3.0,0.0,3.0,3.0,3.0,3.0,0.0,3.0,3.0,0.0,3.0,0.0,3.0,2.0,15.0,3.0,3.0,4.0,5.0,0.0,3.0,6.0,3.0,0.0,0.0,6.0,6.0,0.0,3.0,98.0,57.0
69,1.0,1.0,1.0,1.0,1.0,5.0,5.0,5.0,5.0,5.0,5.0,1.0,1.0,5.0,7.0,7.0,1.0,7.0,7.0,1.0,7.0,7.0,7.0,7.0,7.0,7.0,7.0,7.0,0.0,0.0,0.0,3.0,0.0,0.0,3.0,3.0,3.0,0.0,3.0,0.0,0.0,0.0,0.0,0.0,0.0,3.0,3.0,0.0,0.0,0.0,0.0,0.0,0.0,0.0,0.0,3.0,2.0,14.0,3.0,3.0,3.0,6.0,0.0,0.0,0.0,3.0,0.0,0.0,6.0,0.0,0.0,0.0,86.0,42.0
70,3.0,3.0,4.0,4.0,2.0,2.0,5.0,4.0,2.0,2.0,2.0,5.0,2.0,1.0,1.0,1.0,1.0,6.0,1.0,1.0,1.0,1.0,1.0,2.0,1.0,1.0,7.0,1.0,0.0,0.0,0.0,0.0,3.0,0.0,0.0,1.0,0.0,3.0,0.0,0.0,0.0,0.0,3.0,3.0,0.0,0.0,0.0,0.0,0.0,0.0,3.0,0.0,0.0,0.0,0.0,0.0,2.0,16.0,0.0,0.0,1.0,0.0,6.0,6.0,3.0,0.0,0.0,0.0,0.0,0.0,0.0,0.0,26.0,41.0
71,4.0,4.0,5.0,4.0,4.0,5.0,4.0,5.0,3.0,5.0,5.0,3.0,5.0,5.0,6.0,7.0,6.0,7.0,6.0,7.0,7.0,6.0,7.0,6.0,2.0,1.0,7.0,7.0,3.0,3.0,0.0,1.0,1.0,1.0,1.0,1.0,1.0,0.0,1.0,0.0,1.0,1.0,1.0,3.0,0.0,0.0,0.0,0.0,3.0,0.0,1.0,1.0,0.0,0.0,0.0,0.0,2.0,15.0,3.0,4.0,1.0,2.0,2.0,1.0,4.0,4.0,0.0,1.0,0.0,1.0,0.0,1.0,82.0,61.0
72,3.0,5.0,4.0,3.0,4.0,4.0,3.0,4.0,4.0,4.0,5.0,4.0,3.0,3.0,6.0,4.0,5.0,4.0,6.0,5.0,7.0,6.0,6.0,6.0,3.0,7.0,7.0,7.0,2.0,2.0,0.0,1.0,2.0,0.0,2.0,0.0,3.0,0.0,1.0,2.0,3.0,2.0,2.0,2.0,3.0,1.0,2.0,3.0,1.0,1.0,2.0,3.0,2.0,2.0,2.0,1.0,1.0,14.0,4.0,4.0,0.0,2.0,4.0,2.0,2.0,4.0,5.0,4.0,2.0,6.0,3.0,5.0,79.0,53.0
73,5.0,3.0,4.0,5.0,4.0,5.0,5.0,4.0,5.0,5.0,5.0,3.0,5.0,4.0,7.0,5.0,5.0,7.0,7.0,7.0,7.0,7.0,7.0,7.0,7.0,7.0,7.0,7.0,1.0,3.0,0.0,1.0,3.0,0.0,3.0,1.0,2.0,3.0,1.0,3.0,1.0,3.0,3.0,0.0,3.0,2.0,1.0,3.0,2.0,0.0,3.0,3.0,3.0,1.0,2.0,1.0,2.0,15.0,2.0,6.0,1.0,2.0,6.0,6.0,0.0,4.0,6.0,6.0,3.0,6.0,2.0,2.0,94.0,62.0
74,2.0,3.0,4.0,5.0,5.0,4.0,3.0,3.0,4.0,5.0,5.0,3.0,5.0,4.0,7.0,7.0,3.0,6.0,7.0,7.0,7.0,7.0,7.0,7.0,7.0,7.0,5.0,7.0,3.0,3.0,2.0,0.0,3.0,0.0,3.0,2.0,3.0,2.0,0.0,2.0,2.0,3.0,3.0,0.0,3.0,2.0,3.0,3.0,1.0,2.0,3.0,3.0,3.0,3.0,1.0,0.0,2.0,15.0,6.0,6.0,4.0,0.0,6.0,5.0,0.0,4.0,5.0,6.0,2.0,6.0,3.0,5.0,91.0,55.0
75,2.0,1.0,3.0,3.0,3.0,2.0,3.0,2.0,3.0,3.0,4.0,2.0,4.0,4.0,4.0,4.0,3.0,1.0,3.0,7.0,3.0,7.0,6.0,5.0,3.0,6.0,4.0,4.0,2.0,2.0,0.0,3.0,1.0,2.0,2.0,2.0,1.0,2.0,2.0,1.0,3.0,1.0,1.0,2.0,1.0,0.0,1.0,1.0,3.0,2.0,1.0,2.0,3.0,3.0,0.0,1.0,1.0,15.0,3.0,4.0,2.0,5.0,2.0,3.0,4.0,4.0,2.0,4.0,1.0,3.0,2.0,6.0,60.0,39.0
76,4.0,3.0,3.0,4.0,4.0,3.0,5.0,5.0,4.0,5.0,5.0,5.0,5.0,4.0,4.0,4.0,5.0,6.0,6.0,4.0,6.0,4.0,6.0,6.0,6.0,5.0,7.0,6.0,2.0,2.0,1.0,1.0,2.0,1.0,2.0,1.0,2.0,1.0,1.0,1.0,0.0,1.0,1.0,1.0,1.0,1.0,1.0,1.0,2.0,0.0,1.0,1.0,0.0,0.0,0.0,1.0,2.0,16.0,3.0,4.0,2.0,2.0,3.0,2.0,2.0,4.0,2.0,1.0,2.0,2.0,0.0,0.0,75.0,59.0
77,4.0,4.0,4.0,4.0,4.0,4.0,4.0,4.0,4.0,4.0,4.0,4.0,4.0,4.0,5.0,6.0,5.0,6.0,6.0,5.0,6.0,5.0,6.0,5.0,6.0,5.0,6.0,5.0,2.0,2.0,0.0,0.0,2.0,0.0,2.0,0.0,0.0,3.0,0.0,2.0,1.0,3.0,2.0,0.0,3.0,0.0,1.0,1.0,0.0,0.0,2.0,2.0,3.0,1.0,0.0,0.0,2.0,17.0,3.0,4.0,0.0,0.0,4.0,5.0,0.0,0.0,5.0,6.0,0.0,3.0,0.0,2.0,77.0,56.0
78,3.0,3.0,4.0,5.0,5.0,5.0,5.0,5.0,5.0,5.0,5.0,3.0,5.0,3.0,6.0,7.0,6.0,7.0,7.0,6.0,7.0,6.0,7.0,7.0,7.0,7.0,7.0,7.0,3.0,3.0,0.0,0.0,3.0,0.0,3.0,0.0,0.0,3.0,0.0,3.0,0.0,3.0,3.0,0.0,3.0,0.0,0.0,3.0,0.0,0.0,3.0,3.0,3.0,0.0,0.0,0.0,2.0,16.0,3.0,6.0,0.0,0.0,6.0,6.0,0.0,0.0,6.0,6.0,0.0,6.0,0.0,0.0,94.0,61.0
79,3.0,2.0,2.0,5.0,3.0,1.0,1.0,1.0,1.0,4.0,1.0,1.0,4.0,2.0,3.0,2.0,1.0,2.0,5.0,6.0,5.0,5.0,7.0,7.0,5.0,6.0,7.0,4.0,2.0,1.0,3.0,0.0,0.0,0.0,2.0,0.0,1.0,1.0,0.0,3.0,3.0,2.0,0.0,0.0,3.0,3.0,0.0,0.0,0.0,0.0,0.0,3.0,2.0,3.0,2.0,1.0,2.0,18.0,2.0,3.0,3.0,0.0,0.0,1.0,0.0,1.0,6.0,4.0,4.0,3.0,2.0,6.0,65.0,31.0
80,3.0,3.0,2.0,3.0,3.0,2.0,2.0,3.0,2.0,3.0,2.0,4.0,3.0,2.0,3.0,4.0,5.0,4.0,4.0,3.0,3.0,3.0,7.0,4.0,4.0,4.0,4.0,4.0,0.0,1.0,0.0,0.0,1.0,1.0,1.0,1.0,0.0,0.0,0.0,0.0,0.0,0.0,0.0,1.0,1.0,0.0,0.0,0.0,0.0,0.0,0.0,0.0,0.0,0.0,0.0,0.0,2.0,16.0,0.0,2.0,1.0,0.0,1.0,0.0,2.0,0.0,1.0,0.0,0.0,0.0,0.0,0.0,56.0,37.0
81,5.0,5.0,5.0,5.0,5.0,4.0,5.0,5.0,5.0,5.0,5.0,4.0,5.0,3.0,7.0,6.0,6.0,6.0,6.0,6.0,7.0,5.0,7.0,7.0,7.0,7.0,7.0,7.0,3.0,3.0,1.0,0.0,2.0,1.0,3.0,3.0,3.0,3.0,0.0,3.0,1.0,2.0,2.0,2.0,3.0,3.0,3.0,3.0,3.0,0.0,3.0,3.0,3.0,2.0,0.0,0.0,2.0,16.0,6.0,6.0,4.0,0.0,4.0,6.0,3.0,6.0,6.0,5.0,3.0,6.0,0.0,3.0,91.0,66.0
82,4.0,4.0,4.0,4.0,4.0,3.0,3.0,3.0,3.0,3.0,4.0,3.0,4.0,3.0,5.0,5.0,5.0,5.0,5.0,5.0,6.0,6.0,6.0,5.0,5.0,5.0,6.0,6.0,2.0,2.0,2.0,2.0,2.0,2.0,2.0,2.0,2.0,2.0,2.0,2.0,2.0,2.0,2.0,2.0,2.0,2.0,2.0,2.0,2.0,2.0,2.0,2.0,2.0,2.0,3.0,2.0,2.0,17.0,4.0,4.0,4.0,4.0,4.0,4.0,4.0,4.0,4.0,4.0,4.0,4.0,5.0,4.0,75.0,49.0
83,3.0,4.0,2.0,5.0,3.0,3.0,3.0,5.0,4.0,4.0,3.0,3.0,4.0,2.0,4.0,4.0,5.0,2.0,4.0,4.0,2.0,2.0,2.0,4.0,3.0,4.0,3.0,4.0,2.0,1.0,2.0,1.0,1.0,1.0,1.0,1.0,1.0,1.0,1.0,1.0,1.0,1.0,1.0,1.0,1.0,2.0,1.0,2.0,1.0,1.0,2.0,1.0,2.0,1.0,2.0,1.0,2.0,18.0,3.0,2.0,3.0,2.0,2.0,3.0,2.0,2.0,2.0,3.0,3.0,3.0,3.0,2.0,47.0,48.0
84,1.0,1.0,2.0,3.0,2.0,3.0,1.0,2.0,3.0,2.0,2.0,1.0,3.0,1.0,3.0,2.0,3.0,4.0,4.0,3.0,3.0,5.0,4.0,3.0,4.0,7.0,4.0,4.0,2.0,1.0,0.0,0.0,2.0,1.0,0.0,0.0,3.0,3.0,0.0,0.0,3.0,0.0,2.0,2.0,0.0,0.0,2.0,1.0,2.0,0.0,2.0,3.0,1.0,3.0,0.0,0.0,2.0,16.0,4.0,1.0,0.0,0.0,4.0,5.0,3.0,5.0,0.0,1.0,0.0,4.0,0.0,6.0,53.0,27.0
85,2.0,3.0,4.0,4.0,4.0,3.0,3.0,4.0,4.0,3.0,3.0,4.0,4.0,4.0,5.0,6.0,6.0,6.0,4.0,2.0,2.0,4.0,7.0,6.0,5.0,5.0,5.0,5.0,3.0,3.0,0.0,0.0,2.0,0.0,2.0,2.0,1.0,1.0,0.0,1.0,0.0,0.0,1.0,0.0,2.0,1.0,2.0,2.0,1.0,1.0,0.0,2.0,1.0,2.0,2.0,1.0,2.0,18.0,5.0,5.0,2.0,0.0,3.0,1.0,0.0,2.0,3.0,1.0,2.0,4.0,3.0,2.0,68.0,49.0
86,3.0,3.0,3.0,3.0,3.0,3.0,3.0,3.0,3.0,3.0,3.0,3.0,3.0,3.0,4.0,4.0,4.0,4.0,2.0,4.0,4.0,4.0,4.0,3.0,3.0,4.0,4.0,4.0,1.0,1.0,1.0,1.0,1.0,1.0,1.0,1.0,1.0,1.0,1.0,1.0,1.0,1.0,1.0,1.0,1.0,1.0,1.0,1.0,1.0,1.0,1.0,1.0,1.0,1.0,1.0,1.0,2.0,18.0,2.0,2.0,2.0,2.0,2.0,2.0,2.0,2.0,2.0,2.0,2.0,2.0,2.0,2.0,52.0,42.0
87,4.0,2.0,2.0,5.0,5.0,3.0,3.0,4.0,4.0,3.0,4.0,3.0,5.0,3.0,5.0,7.0,4.0,4.0,6.0,5.0,5.0,7.0,7.0,7.0,6.0,6.0,6.0,5.0,2.0,2.0,2.0,2.0,3.0,1.0,3.0,0.0,2.0,2.0,1.0,3.0,3.0,2.0,2.0,1.0,2.0,3.0,3.0,3.0,3.0,1.0,3.0,3.0,3.0,2.0,1.0,0.0,2.0,16.0,5.0,5.0,2.0,3.0,5.0,5.0,2.0,5.0,5.0,5.0,3.0,6.0,2.0,5.0,80.0,50.0
88,5.0,5.0,4.0,5.0,5.0,5.0,4.0,4.0,5.0,5.0,5.0,5.0,5.0,5.0,6.0,6.0,5.0,7.0,7.0,5.0,7.0,6.0,7.0,7.0,6.0,7.0,7.0,7.0,3.0,2.0,3.0,3.0,3.0,3.0,2.0,2.0,3.0,3.0,3.0,2.0,2.0,2.0,3.0,3.0,3.0,3.0,2.0,3.0,2.0,3.0,2.0,3.0,3.0,2.0,0.0,3.0,2.0,15.0,5.0,4.0,5.0,6.0,6.0,5.0,6.0,5.0,5.0,5.0,6.0,6.0,3.0,4.0,90.0,67.0
89,3.0,3.0,3.0,4.0,2.0,3.0,4.0,3.0,4.0,3.0,4.0,4.0,5.0,3.0,4.0,5.0,3.0,5.0,3.0,5.0,4.0,5.0,6.0,6.0,4.0,5.0,6.0,4.0,3.0,2.0,2.0,1.0,2.0,1.0,2.0,2.0,2.0,1.0,0.0,2.0,1.0,2.0,1.0,2.0,1.0,2.0,2.0,1.0,1.0,1.0,2.0,2.0,1.0,1.0,1.0,0.0,2.0,18.0,5.0,4.0,4.0,1.0,3.0,3.0,3.0,3.0,3.0,3.0,2.0,3.0,2.0,2.0,65.0,48.0
90,4.0,3.0,3.0,4.0,3.0,3.0,3.0,5.0,3.0,1.0,5.0,5.0,5.0,3.0,5.0,6.0,6.0,5.0,5.0,6.0,7.0,6.0,7.0,7.0,7.0,7.0,6.0,7.0,3.0,2.0,0.0,0.0,2.0,0.0,3.0,0.0,0.0,2.0,0.0,3.0,0.0,2.0,3.0,0.0,2.0,0.0,1.0,3.0,1.0,1.0,1.0,3.0,3.0,1.0,1.0,0.0,2.0,16.0,4.0,5.0,0.0,0.0,5.0,3.0,0.0,1.0,5.0,5.0,0.0,6.0,2.0,1.0,87.0,50.0
91,3.0,4.0,2.0,4.0,5.0,4.0,4.0,4.0,5.0,3.0,5.0,2.0,4.0,4.0,4.0,6.0,5.0,4.0,7.0,6.0,6.0,4.0,6.0,6.0,4.0,7.0,5.0,5.0,2.0,1.0,1.0,0.0,3.0,0.0,2.0,1.0,1.0,2.0,0.0,1.0,1.0,2.0,1.0,1.0,1.0,0.0,1.0,1.0,2.0,1.0,2.0,1.0,1.0,2.0,1.0,0.0,2.0,16.0,3.0,3.0,2.0,0.0,4.0,4.0,1.0,3.0,2.0,3.0,0.0,2.0,2.0,3.0,75.0,53.0
92,5.0,5.0,5.0,4.0,4.0,4.0,4.0,5.0,4.0,5.0,4.0,4.0,5.0,5.0,6.0,6.0,6.0,7.0,5.0,7.0,6.0,5.0,7.0,7.0,6.0,6.0,7.0,6.0,2.0,2.0,2.0,2.0,2.0,0.0,2.0,1.0,2.0,3.0,2.0,2.0,1.0,2.0,2.0,0.0,1.0,2.0,2.0,3.0,3.0,2.0,2.0,2.0,2.0,1.0,0.0,2.0,2.0,18.0,4.0,4.0,3.0,4.0,4.0,5.0,0.0,5.0,3.0,4.0,4.0,5.0,2.0,2.0,87.0,63.0
93,5.0,5.0,5.0,5.0,5.0,5.0,5.0,5.0,5.0,5.0,5.0,5.0,5.0,5.0,6.0,7.0,3.0,7.0,7.0,3.0,5.0,7.0,7.0,7.0,7.0,7.0,7.0,7.0,3.0,3.0,3.0,1.0,3.0,0.0,3.0,1.0,2.0,3.0,1.0,3.0,2.0,3.0,3.0,0.0,3.0,2.0,3.0,3.0,3.0,3.0,3.0,3.0,3.0,2.0,2.0,0.0,2.0,18.0,6.0,6.0,4.0,2.0,6.0,6.0,0.0,5.0,6.0,6.0,2.0,6.0,5.0,4.0,87.0,70.0
94,3.0,3.0,4.0,4.0,4.0,5.0,3.0,4.0,4.0,4.0,4.0,4.0,5.0,4.0,7.0,6.0,7.0,7.0,6.0,7.0,7.0,6.0,6.0,7.0,7.0,6.0,6.0,7.0,2.0,2.0,0.0,2.0,3.0,0.0,3.0,1.0,0.0,0.0,1.0,0.0,2.0,2.0,3.0,0.0,3.0,3.0,2.0,3.0,1.0,1.0,3.0,2.0,3.0,2.0,1.0,1.0,2.0,16.0,4.0,5.0,1.0,3.0,6.0,3.0,0.0,1.0,3.0,5.0,4.0,5.0,2.0,4.0,92.0,55.0
95,3.0,4.0,3.0,5.0,4.0,2.0,3.0,5.0,5.0,5.0,5.0,5.0,4.0,5.0,3.0,4.0,1.0,5.0,4.0,3.0,3.0,7.0,7.0,4.0,2.0,4.0,5.0,2.0,1.0,2.0,0.0,0.0,3.0,2.0,1.0,0.0,1.0,2.0,0.0,1.0,2.0,1.0,3.0,2.0,1.0,2.0,3.0,2.0,3.0,0.0,3.0,1.0,1.0,0.0,0.0,1.0,1.0,15.0,4.0,3.0,0.0,0.0,6.0,5.0,4.0,4.0,2.0,2.0,3.0,3.0,0.0,2.0,54.0,58.0
96,3.0,3.0,2.0,3.0,3.0,3.0,4.0,4.0,4.0,5.0,5.0,4.0,5.0,4.0,6.0,7.0,5.0,7.0,7.0,7.0,6.0,6.0,7.0,6.0,7.0,5.0,7.0,7.0,3.0,3.0,0.0,2.0,1.0,0.0,3.0,0.0,1.0,0.0,2.0,3.0,2.0,3.0,1.0,0.0,3.0,2.0,1.0,3.0,1.0,0.0,1.0,3.0,3.0,0.0,0.0,0.0,1.0,17.0,4.0,6.0,0.0,4.0,2.0,1.0,0.0,2.0,6.0,6.0,2.0,6.0,0.0,2.0,90.0,52.0
97,5.0,5.0,3.0,5.0,3.0,4.0,3.0,5.0,3.0,5.0,5.0,5.0,3.0,3.0,3.0,7.0,6.0,7.0,7.0,2.0,7.0,7.0,7.0,7.0,5.0,6.0,7.0,7.0,2.0,3.0,3.0,0.0,3.0,1.0,3.0,1.0,3.0,2.0,0.0,3.0,0.0,3.0,2.0,0.0,3.0,1.0,1.0,1.0,0.0,1.0,3.0,3.0,3.0,1.0,0.0,0.0,1.0,16.0,3.0,6.0,4.0,0.0,5.0,5.0,1.0,3.0,6.0,6.0,1.0,4.0,1.0,1.0,85.0,57.0
98,5.0,5.0,5.0,5.0,5.0,2.0,4.0,5.0,5.0,5.0,5.0,5.0,5.0,5.0,5.0,7.0,4.0,7.0,7.0,7.0,7.0,7.0,7.0,7.0,7.0,7.0,7.0,7.0,3.0,3.0,2.0,2.0,2.0,0.0,3.0,3.0,3.0,0.0,3.0,3.0,0.0,3.0,3.0,2.0,2.0,3.0,3.0,3.0,3.0,2.0,2.0,3.0,3.0,3.0,1.0,2.0,1.0,17.0,6.0,6.0,5.0,5.0,5.0,2.0,2.0,6.0,5.0,6.0,5.0,6.0,3.0,3.0,93.0,66.0
99,5.0,4.0,3.0,5.0,5.0,5.0,5.0,5.0,4.0,5.0,5.0,3.0,4.0,4.0,4.0,7.0,4.0,5.0,7.0,7.0,7.0,7.0,7.0,7.0,7.0,7.0,7.0,7.0,2.0,3.0,1.0,3.0,3.0,1.0,3.0,2.0,3.0,3.0,3.0,3.0,0.0,3.0,2.0,1.0,3.0,3.0,3.0,3.0,3.0,3.0,3.0,3.0,2.0,0.0,2.0,3.0,1.0,16.0,5.0,6.0,3.0,6.0,5.0,6.0,2.0,6.0,6.0,5.0,6.0,6.0,5.0,0.0,90.0,62.0
100,3.0,4.0,3.0,5.0,4.0,2.0,3.0,5.0,2.0,5.0,4.0,1.0,3.0,4.0,2.0,2.0,2.0,2.0,3.0,2.0,3.0,3.0,2.0,6.0,4.0,3.0,4.0,3.0,2.0,1.0,2.0,3.0,1.0,2.0,1.0,2.0,2.0,1.0,3.0,1.0,2.0,1.0,1.0,2.0,1.0,2.0,2.0,2.0,2.0,0.0,1.0,2.0,1.0,2.0,0.0,2.0,2.0,17.0,4.0,2.0,4.0,6.0,2.0,2.0,4.0,4.0,2.0,2.0,4.0,4.0,0.0,4.0,41.0,48.0
101,4.0,5.0,4.0,5.0,4.0,4.0,4.0,4.0,4.0,4.0,4.0,4.0,3.0,4.0,6.0,5.0,5.0,6.0,5.0,5.0,5.0,5.0,6.0,5.0,1.0,5.0,6.0,5.0,2.0,2.0,2.0,0.0,2.0,1.0,2.0,2.0,1.0,2.0,0.0,2.0,3.0,2.0,2.0,1.0,2.0,3.0,2.0,2.0,1.0,0.0,2.0,2.0,2.0,2.0,0.0,1.0,2.0,16.0,4.0,4.0,4.0,0.0,4.0,4.0,2.0,2.0,4.0,4.0,4.0,4.0,0.0,5.0,70.0,57.0
102,1.0,2.0,1.0,2.0,2.0,1.0,2.0,2.0,1.0,1.0,2.0,1.0,4.0,1.0,2.0,1.0,2.0,2.0,2.0,1.0,2.0,2.0,3.0,3.0,1.0,2.0,1.0,2.0,1.0,1.0,1.0,3.0,0.0,3.0,1.0,2.0,2.0,1.0,3.0,0.0,3.0,1.0,1.0,3.0,1.0,0.0,1.0,0.0,3.0,0.0,1.0,0.0,1.0,1.0,0.0,1.0,2.0,17.0,2.0,2.0,3.0,6.0,1.0,2.0,6.0,5.0,1.0,2.0,1.0,0.0,0.0,4.0,26.0,23.0
103,4.0,4.0,4.0,4.0,5.0,4.0,4.0,5.0,5.0,4.0,5.0,3.0,4.0,4.0,6.0,7.0,7.0,6.0,7.0,4.0,6.0,6.0,6.0,6.0,5.0,6.0,6.0,6.0,2.0,3.0,1.0,1.0,3.0,0.0,3.0,1.0,2.0,2.0,1.0,3.0,0.0,2.0,2.0,0.0,3.0,3.0,2.0,3.0,1.0,2.0,2.0,2.0,2.0,1.0,2.0,1.0,2.0,18.0,4.0,6.0,2.0,2.0,5.0,4.0,0.0,3.0,6.0,4.0,4.0,5.0,4.0,1.0,84.0,59.0
104,5.0,5.0,5.0,5.0,5.0,5.0,5.0,5.0,4.0,5.0,5.0,3.0,4.0,4.0,6.0,6.0,7.0,7.0,6.0,5.0,6.0,6.0,6.0,7.0,1.0,7.0,6.0,7.0,3.0,3.0,1.0,0.0,2.0,0.0,3.0,1.0,1.0,2.0,0.0,3.0,1.0,2.0,2.0,0.0,2.0,2.0,3.0,3.0,1.0,0.0,2.0,2.0,2.0,1.0,0.0,1.0,2.0,17.0,6.0,6.0,2.0,0.0,4.0,4.0,0.0,2.0,5.0,4.0,3.0,5.0,0.0,2.0,83.0,65.0
105,4.0,4.0,3.0,4.0,4.0,4.0,5.0,5.0,4.0,5.0,5.0,4.0,5.0,4.0,7.0,6.0,7.0,7.0,7.0,5.0,6.0,5.0,7.0,7.0,7.0,6.0,7.0,6.0,1.0,3.0,0.0,1.0,2.0,0.0,3.0,0.0,1.0,3.0,0.0,2.0,0.0,3.0,3.0,1.0,2.0,1.0,1.0,3.0,1.0,0.0,3.0,2.0,3.0,1.0,0.0,0.0,2.0,16.0,2.0,6.0,0.0,1.0,5.0,6.0,1.0,2.0,4.0,6.0,1.0,5.0,0.0,1.0,90.0,60.0
106,5.0,5.0,4.0,5.0,5.0,5.0,5.0,5.0,5.0,5.0,5.0,5.0,5.0,4.0,6.0,5.0,6.0,7.0,7.0,7.0,6.0,7.0,7.0,6.0,7.0,7.0,7.0,7.0,3.0,3.0,1.0,1.0,3.0,0.0,2.0,0.0,1.0,2.0,1.0,2.0,1.0,2.0,3.0,1.0,1.0,0.0,1.0,2.0,0.0,0.0,3.0,3.0,3.0,0.0,0.0,0.0,2.0,18.0,4.0,5.0,1.0,2.0,6.0,5.0,1.0,1.0,3.0,5.0,0.0,5.0,0.0,1.0,92.0,68.0
107,5.0,4.0,5.0,5.0,4.0,5.0,5.0,5.0,4.0,5.0,5.0,4.0,4.0,3.0,6.0,7.0,4.0,5.0,7.0,4.0,4.0,4.0,6.0,5.0,6.0,6.0,6.0,5.0,1.0,2.0,1.0,1.0,1.0,0.0,1.0,0.0,0.0,2.0,0.0,3.0,0.0,3.0,2.0,0.0,1.0,1.0,1.0,1.0,1.0,0.0,2.0,1.0,1.0,0.0,0.0,1.0,2.0,16.0,2.0,3.0,1.0,1.0,3.0,4.0,0.0,1.0,4.0,4.0,2.0,2.0,0.0,0.0,75.0,63.0
108,5.0,3.0,2.0,5.0,4.0,3.0,3.0,3.0,3.0,3.0,4.0,5.0,3.0,4.0,5.0,3.0,5.0,6.0,6.0,3.0,5.0,4.0,7.0,5.0,5.0,6.0,6.0,6.0,1.0,2.0,0.0,0.0,3.0,2.0,1.0,2.0,0.0,2.0,0.0,3.0,0.0,1.0,1.0,0.0,3.0,0.0,3.0,2.0,2.0,1.0,3.0,2.0,3.0,3.0,0.0,0.0,2.0,16.0,4.0,3.0,2.0,0.0,4.0,5.0,2.0,2.0,6.0,4.0,0.0,4.0,1.0,3.0,72.0,50.0
109,4.0,5.0,5.0,5.0,5.0,5.0,5.0,5.0,1.0,5.0,5.0,4.0,5.0,5.0,5.0,7.0,1.0,7.0,1.0,1.0,7.0,7.0,7.0,7.0,7.0,7.0,7.0,7.0,3.0,3.0,3.0,3.0,3.0,2.0,3.0,3.0,3.0,3.0,3.0,2.0,2.0,3.0,3.0,3.0,0.0,0.0,0.0,3.0,3.0,0.0,3.0,3.0,3.0,3.0,0.0,0.0,2.0,17.0,3.0,6.0,6.0,6.0,6.0,6.0,5.0,6.0,2.0,6.0,0.0,6.0,0.0,5.0,78.0,64.0
110,4.0,4.0,2.0,2.0,2.0,4.0,3.0,2.0,3.0,2.0,4.0,4.0,2.0,1.0,7.0,6.0,6.0,6.0,5.0,5.0,7.0,6.0,7.0,7.0,5.0,7.0,7.0,6.0,3.0,2.0,0.0,0.0,2.0,1.0,2.0,1.0,1.0,2.0,0.0,1.0,1.0,3.0,2.0,1.0,2.0,2.0,1.0,3.0,3.0,1.0,3.0,2.0,3.0,1.0,1.0,0.0,1.0,17.0,4.0,4.0,1.0,0.0,4.0,5.0,2.0,4.0,3.0,6.0,2.0,5.0,2.0,2.0,87.0,39.0
111,3.0,2.0,4.0,2.0,3.0,3.0,4.0,4.0,2.0,5.0,5.0,1.0,5.0,2.0,5.0,5.0,4.0,4.0,6.0,7.0,7.0,6.0,7.0,5.0,6.0,7.0,6.0,6.0,3.0,3.0,3.0,1.0,2.0,0.0,3.0,1.0,3.0,2.0,2.0,2.0,0.0,3.0,1.0,0.0,2.0,2.0,3.0,3.0,2.0,3.0,2.0,2.0,3.0,1.0,3.0,2.0,2.0,17.0,6.0,6.0,4.0,3.0,3.0,4.0,0.0,5.0,4.0,6.0,4.0,5.0,6.0,1.0,81.0,45.0
112,2.0,1.0,3.0,2.0,3.0,1.0,3.0,5.0,1.0,1.0,3.0,1.0,4.0,2.0,4.0,5.0,4.0,2.0,3.0,2.0,4.0,3.0,7.0,5.0,3.0,5.0,1.0,3.0,2.0,2.0,0.0,2.0,0.0,1.0,2.0,0.0,0.0,0.0,2.0,1.0,3.0,1.0,0.0,1.0,0.0,1.0,1.0,2.0,2.0,0.0,0.0,3.0,1.0,3.0,1.0,0.0,2.0,18.0,3.0,4.0,0.0,4.0,0.0,0.0,2.0,2.0,1.0,2.0,1.0,5.0,1.0,6.0,51.0,32.0
113,4.0,5.0,4.0,5.0,4.0,4.0,4.0,4.0,4.0,3.0,4.0,4.0,4.0,4.0,6.0,7.0,5.0,6.0,7.0,7.0,7.0,4.0,7.0,6.0,6.0,6.0,7.0,7.0,3.0,2.0,1.0,0.0,3.0,0.0,3.0,3.0,3.0,3.0,0.0,3.0,3.0,3.0,3.0,0.0,3.0,1.0,2.0,3.0,3.0,0.0,3.0,3.0,3.0,2.0,0.0,1.0,2.0,17.0,5.0,5.0,4.0,0.0,6.0,6.0,0.0,6.0,6.0,6.0,2.0,6.0,0.0,5.0,88.0,57.0
114,5.0,2.0,1.0,3.0,3.0,3.0,3.0,3.0,4.0,4.0,4.0,3.0,4.0,3.0,4.0,6.0,2.0,2.0,1.0,6.0,7.0,5.0,4.0,3.0,4.0,6.0,5.0,4.0,3.0,2.0,0.0,1.0,1.0,0.0,2.0,1.0,1.0,0.0,2.0,1.0,2.0,2.0,1.0,0.0,1.0,0.0,0.0,1.0,1.0,1.0,1.0,1.0,2.0,2.0,2.0,0.0,2.0,15.0,3.0,4.0,1.0,3.0,2.0,1.0,0.0,2.0,2.0,4.0,0.0,2.0,3.0,4.0,59.0,45.0
115,3.0,3.0,3.0,4.0,3.0,3.0,3.0,2.0,3.0,3.0,2.0,4.0,3.0,3.0,2.0,5.0,4.0,5.0,7.0,5.0,4.0,4.0,4.0,4.0,4.0,4.0,6.0,4.0,1.0,1.0,2.0,1.0,2.0,0.0,3.0,2.0,2.0,2.0,1.0,1.0,1.0,1.0,1.0,0.0,1.0,3.0,1.0,1.0,1.0,1.0,1.0,1.0,1.0,1.0,1.0,1.0,2.0,19.0,2.0,4.0,4.0,2.0,3.0,3.0,0.0,3.0,2.0,2.0,4.0,2.0,2.0,2.0,62.0,42.0
116,3.0,4.0,4.0,5.0,4.0,4.0,3.0,3.0,4.0,4.0,4.0,4.0,5.0,4.0,5.0,6.0,4.0,7.0,6.0,6.0,6.0,6.0,7.0,6.0,7.0,7.0,5.0,7.0,2.0,3.0,2.0,3.0,2.0,0.0,3.0,2.0,2.0,2.0,2.0,3.0,1.0,2.0,1.0,2.0,1.0,1.0,1.0,3.0,1.0,3.0,1.0,3.0,1.0,3.0,1.0,3.0,2.0,18.0,3.0,6.0,4.0,5.0,3.0,3.0,2.0,3.0,4.0,3.0,4.0,6.0,4.0,4.0,85.0,55.0
117,4.0,4.0,4.0,4.0,4.0,4.0,4.0,4.0,4.0,4.0,4.0,4.0,4.0,4.0,6.0,5.0,5.0,5.0,6.0,6.0,5.0,5.0,5.0,5.0,2.0,7.0,7.0,6.0,2.0,2.0,2.0,1.0,2.0,1.0,2.0,2.0,2.0,1.0,1.0,2.0,2.0,3.0,2.0,2.0,2.0,2.0,2.0,2.0,0.0,2.0,2.0,2.0,2.0,1.0,1.0,0.0,2.0,17.0,4.0,4.0,4.0,2.0,4.0,3.0,3.0,2.0,4.0,5.0,2.0,4.0,3.0,3.0,75.0,56.0
118,5.0,5.0,5.0,5.0,5.0,5.0,5.0,5.0,5.0,5.0,5.0,5.0,5.0,5.0,5.0,5.0,4.0,7.0,5.0,5.0,7.0,7.0,7.0,6.0,7.0,7.0,7.0,7.0,3.0,3.0,3.0,0.0,3.0,2.0,3.0,3.0,3.0,3.0,3.0,3.0,0.0,3.0,2.0,2.0,3.0,3.0,3.0,3.0,3.0,3.0,3.0,3.0,3.0,3.0,3.0,3.0,2.0,17.0,6.0,6.0,6.0,3.0,5.0,6.0,4.0,6.0,6.0,6.0,6.0,6.0,6.0,3.0,86.0,70.0
119,4.0,4.0,4.0,4.0,4.0,4.0,4.0,4.0,4.0,4.0,4.0,4.0,4.0,4.0,5.0,6.0,6.0,6.0,6.0,3.0,6.0,6.0,6.0,6.0,6.0,6.0,6.0,6.0,2.0,2.0,1.0,0.0,2.0,0.0,2.0,2.0,1.0,2.0,0.0,2.0,0.0,2.0,2.0,1.0,2.0,2.0,2.0,2.0,2.0,0.0,3.0,2.0,3.0,1.0,0.0,2.0,2.0,18.0,4.0,4.0,3.0,0.0,4.0,5.0,1.0,3.0,4.0,5.0,4.0,4.0,0.0,1.0,80.0,56.0
120,4.0,5.0,4.0,5.0,5.0,4.0,3.0,3.0,4.0,4.0,4.0,5.0,5.0,4.0,5.0,7.0,5.0,7.0,7.0,2.0,6.0,5.0,5.0,6.0,5.0,5.0,7.0,7.0,2.0,2.0,1.0,1.0,2.0,2.0,2.0,2.0,1.0,2.0,1.0,2.0,0.0,2.0,3.0,2.0,2.0,3.0,2.0,2.0,2.0,3.0,2.0,3.0,2.0,3.0,2.0,2.0,2.0,16.0,4.0,4.0,3.0,2.0,5.0,4.0,4.0,3.0,4.0,4.0,5.0,5.0,5.0,3.0,79.0,59.0
121,4.0,3.0,4.0,4.0,4.0,3.0,3.0,4.0,4.0,3.0,4.0,5.0,3.0,3.0,5.0,5.0,4.0,6.0,5.0,2.0,5.0,5.0,4.0,5.0,5.0,4.0,4.0,4.0,0.0,1.0,1.0,1.0,1.0,2.0,1.0,2.0,2.0,1.0,2.0,2.0,1.0,2.0,2.0,0.0,2.0,2.0,1.0,2.0,2.0,2.0,2.0,2.0,2.0,2.0,2.0,0.0,2.0,17.0,1.0,2.0,3.0,3.0,3.0,3.0,2.0,4.0,4.0,4.0,2.0,4.0,4.0,3.0,63.0,51.0
122,4.0,4.0,3.0,3.0,4.0,4.0,4.0,4.0,4.0,4.0,4.0,5.0,4.0,4.0,2.0,7.0,7.0,6.0,6.0,1.0,4.0,5.0,6.0,6.0,6.0,5.0,7.0,5.0,2.0,2.0,2.0,0.0,2.0,2.0,2.0,1.0,2.0,2.0,2.0,1.0,2.0,1.0,2.0,1.0,3.0,1.0,2.0,2.0,1.0,1.0,3.0,3.0,3.0,1.0,1.0,1.0,2.0,18.0,4.0,4.0,3.0,2.0,4.0,5.0,3.0,3.0,4.0,4.0,2.0,5.0,2.0,3.0,73.0,55.0
123,5.0,5.0,4.0,4.0,5.0,4.0,5.0,3.0,5.0,5.0,4.0,5.0,5.0,5.0,4.0,5.0,4.0,7.0,6.0,7.0,5.0,6.0,7.0,5.0,7.0,7.0,7.0,6.0,3.0,3.0,2.0,0.0,3.0,0.0,3.0,3.0,3.0,2.0,0.0,2.0,3.0,3.0,3.0,0.0,3.0,0.0,2.0,2.0,3.0,0.0,3.0,3.0,3.0,2.0,0.0,0.0,2.0,16.0,5.0,6.0,5.0,0.0,6.0,5.0,0.0,6.0,5.0,6.0,0.0,5.0,0.0,5.0,83.0,64.0
124,3.0,3.0,3.0,5.0,5.0,4.0,4.0,5.0,5.0,4.0,3.0,5.0,3.0,4.0,4.0,7.0,5.0,7.0,5.0,7.0,4.0,5.0,7.0,5.0,4.0,7.0,7.0,4.0,1.0,1.0,1.0,0.0,2.0,0.0,2.0,1.0,0.0,1.0,0.0,1.0,0.0,1.0,1.0,0.0,1.0,0.0,1.0,1.0,0.0,0.0,2.0,1.0,1.0,0.0,0.0,0.0,2.0,17.0,2.0,3.0,2.0,0.0,3.0,3.0,0.0,0.0,2.0,2.0,0.0,2.0,0.0,0.0,78.0,56.0
125,3.0,3.0,2.0,3.0,3.0,3.0,3.0,4.0,4.0,4.0,4.0,3.0,4.0,3.0,4.0,6.0,6.0,6.0,4.0,4.0,5.0,5.0,5.0,6.0,5.0,4.0,6.0,5.0,1.0,2.0,0.0,0.0,2.0,2.0,2.0,2.0,2.0,1.0,0.0,1.0,0.0,1.0,1.0,2.0,2.0,1.0,2.0,1.0,2.0,2.0,1.0,2.0,2.0,1.0,2.0,1.0,2.0,15.0,3.0,4.0,2.0,0.0,3.0,2.0,4.0,4.0,3.0,3.0,2.0,3.0,4.0,1.0,71.0,46.0
126,3.0,3.0,3.0,4.0,5.0,3.0,3.0,4.0,3.0,3.0,3.0,2.0,3.0,4.0,4.0,5.0,4.0,6.0,4.0,6.0,4.0,5.0,5.0,5.0,5.0,4.0,4.0,4.0,2.0,1.0,1.0,0.0,1.0,1.0,1.0,1.0,1.0,2.0,0.0,1.0,1.0,2.0,2.0,1.0,2.0,2.0,2.0,1.0,0.0,0.0,2.0,1.0,1.0,2.0,0.0,0.0,2.0,16.0,4.0,2.0,2.0,0.0,3.0,4.0,2.0,1.0,3.0,3.0,2.0,2.0,0.0,3.0,65.0,46.0
127,5.0,5.0,5.0,5.0,5.0,5.0,5.0,5.0,5.0,5.0,5.0,5.0,5.0,5.0,7.0,7.0,7.0,7.0,7.0,6.0,7.0,7.0,7.0,7.0,7.0,7.0,7.0,7.0,3.0,3.0,1.0,0.0,3.0,0.0,3.0,0.0,2.0,3.0,0.0,3.0,3.0,3.0,3.0,0.0,3.0,0.0,3.0,3.0,1.0,2.0,3.0,3.0,3.0,1.0,1.0,0.0,1.0,16.0,6.0,6.0,1.0,0.0,6.0,6.0,0.0,3.0,6.0,6.0,0.0,6.0,3.0,4.0,97.0,70.0
128,4.0,3.0,2.0,4.0,4.0,2.0,4.0,3.0,4.0,3.0,4.0,3.0,4.0,5.0,5.0,5.0,4.0,6.0,6.0,4.0,6.0,3.0,5.0,4.0,5.0,5.0,7.0,5.0,2.0,1.0,0.0,0.0,1.0,1.0,2.0,1.0,2.0,2.0,0.0,1.0,1.0,1.0,2.0,0.0,2.0,2.0,2.0,2.0,2.0,0.0,2.0,1.0,2.0,1.0,0.0,0.0,2.0,16.0,4.0,3.0,1.0,0.0,3.0,4.0,1.0,4.0,3.0,3.0,2.0,3.0,0.0,2.0,70.0,49.0
129,4.0,5.0,4.0,5.0,4.0,4.0,5.0,5.0,5.0,5.0,5.0,5.0,4.0,4.0,7.0,7.0,4.0,7.0,7.0,7.0,7.0,7.0,7.0,7.0,7.0,7.0,7.0,7.0,3.0,3.0,0.0,0.0,3.0,0.0,3.0,2.0,3.0,3.0,0.0,3.0,0.0,3.0,3.0,0.0,3.0,2.0,3.0,3.0,1.0,3.0,3.0,3.0,3.0,0.0,3.0,1.0,1.0,16.0,6.0,6.0,2.0,0.0,6.0,6.0,0.0,4.0,6.0,6.0,3.0,6.0,6.0,0.0,95.0,64.0
130,4.0,3.0,3.0,4.0,4.0,4.0,3.0,3.0,4.0,3.0,4.0,4.0,4.0,3.0,6.0,6.0,7.0,4.0,7.0,1.0,7.0,7.0,7.0,6.0,7.0,7.0,7.0,6.0,3.0,3.0,2.0,1.0,3.0,0.0,3.0,1.0,3.0,3.0,1.0,3.0,1.0,3.0,2.0,0.0,2.0,1.0,3.0,3.0,3.0,3.0,3.0,2.0,3.0,2.0,3.0,0.0,1.0,17.0,6.0,6.0,3.0,2.0,5.0,6.0,0.0,6.0,5.0,6.0,1.0,5.0,6.0,3.0,85.0,50.0
131,5.0,4.0,4.0,4.0,5.0,2.0,4.0,3.0,3.0,1.0,3.0,2.0,5.0,4.0,5.0,6.0,6.0,1.0,5.0,4.0,7.0,5.0,7.0,7.0,7.0,7.0,6.0,7.0,1.0,2.0,0.0,3.0,3.0,0.0,3.0,3.0,3.0,2.0,3.0,3.0,2.0,2.0,2.0,0.0,3.0,0.0,3.0,3.0,3.0,1.0,3.0,3.0,3.0,3.0,0.0,0.0,1.0,16.0,4.0,5.0,3.0,6.0,5.0,5.0,0.0,6.0,6.0,5.0,0.0,6.0,1.0,5.0,80.0,49.0
132,4.0,3.0,4.0,4.0,3.0,3.0,4.0,4.0,3.0,3.0,3.0,2.0,5.0,2.0,4.0,4.0,4.0,4.0,4.0,3.0,4.0,4.0,5.0,5.0,4.0,4.0,4.0,4.0,2.0,2.0,2.0,0.0,1.0,1.0,2.0,2.0,2.0,2.0,0.0,2.0,1.0,2.0,1.0,1.0,2.0,2.0,3.0,1.0,1.0,2.0,1.0,2.0,2.0,2.0,1.0,0.0,2.0,17.0,5.0,4.0,4.0,0.0,2.0,3.0,2.0,3.0,4.0,4.0,2.0,3.0,3.0,3.0,57.0,47.0
133,3.0,3.0,4.0,4.0,4.0,2.0,3.0,4.0,2.0,3.0,3.0,2.0,3.0,2.0,5.0,7.0,4.0,6.0,4.0,7.0,6.0,7.0,7.0,7.0,5.0,6.0,6.0,4.0,2.0,2.0,1.0,3.0,3.0,2.0,2.0,3.0,2.0,3.0,3.0,2.0,2.0,2.0,3.0,2.0,1.0,3.0,2.0,1.0,1.0,0.0,3.0,3.0,2.0,3.0,0.0,1.0,2.0,17.0,4.0,4.0,4.0,6.0,6.0,6.0,4.0,3.0,3.0,4.0,4.0,4.0,0.0,5.0,81.0,42.0
134,4.0,4.0,4.0,5.0,5.0,4.0,3.0,5.0,4.0,4.0,3.0,4.0,5.0,3.0,4.0,7.0,7.0,7.0,4.0,5.0,5.0,4.0,7.0,6.0,7.0,6.0,7.0,5.0,2.0,3.0,0.0,1.0,3.0,0.0,2.0,2.0,3.0,2.0,1.0,3.0,0.0,1.0,2.0,0.0,3.0,1.0,3.0,3.0,2.0,3.0,3.0,3.0,3.0,0.0,2.0,0.0,2.0,15.0,5.0,5.0,2.0,2.0,5.0,5.0,0.0,5.0,6.0,4.0,1.0,6.0,5.0,0.0,81.0,57.0
135,2.0,2.0,1.0,3.0,5.0,5.0,5.0,5.0,4.0,5.0,4.0,1.0,5.0,4.0,4.0,3.0,1.0,7.0,1.0,4.0,5.0,2.0,7.0,7.0,7.0,4.0,7.0,2.0,3.0,3.0,2.0,3.0,3.0,0.0,3.0,2.0,3.0,2.0,3.0,2.0,0.0,3.0,2.0,0.0,2.0,2.0,3.0,2.0,2.0,0.0,2.0,3.0,2.0,2.0,0.0,1.0,2.0,16.0,6.0,6.0,4.0,6.0,5.0,4.0,0.0,5.0,4.0,5.0,3.0,5.0,0.0,2.0,61.0,51.0
136,3.0,4.0,4.0,5.0,5.0,3.0,3.0,4.0,3.0,3.0,4.0,5.0,4.0,3.0,4.0,5.0,2.0,5.0,4.0,5.0,5.0,4.0,5.0,7.0,6.0,6.0,5.0,4.0,3.0,3.0,1.0,1.0,1.0,2.0,2.0,2.0,1.0,0.0,0.0,2.0,1.0,1.0,2.0,0.0,3.0,2.0,2.0,2.0,3.0,0.0,1.0,3.0,1.0,1.0,0.0,0.0,1.0,14.0,5.0,5.0,3.0,1.0,3.0,1.0,2.0,4.0,5.0,2.0,2.0,5.0,0.0,2.0,67.0,53.0
137,1.0,1.0,3.0,3.0,3.0,3.0,3.0,3.0,3.0,4.0,5.0,5.0,5.0,3.0,7.0,6.0,6.0,4.0,7.0,6.0,7.0,6.0,5.0,5.0,5.0,6.0,7.0,6.0,0.0,3.0,0.0,3.0,1.0,1.0,3.0,3.0,3.0,0.0,3.0,3.0,2.0,3.0,1.0,0.0,0.0,2.0,0.0,3.0,0.0,2.0,1.0,3.0,3.0,3.0,0.0,0.0,2.0,16.0,0.0,6.0,3.0,6.0,2.0,1.0,1.0,3.0,3.0,6.0,2.0,6.0,2.0,5.0,83.0,45.0
138,3.0,4.0,1.0,5.0,4.0,3.0,3.0,4.0,3.0,5.0,5.0,5.0,5.0,5.0,7.0,7.0,6.0,7.0,5.0,7.0,7.0,4.0,7.0,7.0,7.0,7.0,7.0,7.0,3.0,3.0,0.0,3.0,3.0,0.0,3.0,0.0,2.0,2.0,0.0,2.0,0.0,3.0,2.0,0.0,2.0,0.0,3.0,3.0,0.0,0.0,2.0,2.0,3.0,1.0,1.0,0.0,2.0,17.0,6.0,6.0,0.0,3.0,5.0,4.0,0.0,2.0,4.0,6.0,0.0,5.0,1.0,1.0,92.0,55.0
139,5.0,3.0,5.0,5.0,5.0,3.0,4.0,5.0,4.0,4.0,5.0,3.0,5.0,5.0,3.0,7.0,6.0,6.0,6.0,6.0,7.0,5.0,7.0,7.0,7.0,5.0,7.0,6.0,1.0,2.0,1.0,0.0,3.0,1.0,3.0,1.0,2.0,1.0,0.0,2.0,1.0,2.0,2.0,1.0,2.0,1.0,1.0,3.0,2.0,1.0,3.0,2.0,2.0,1.0,1.0,1.0,2.0,16.0,2.0,5.0,2.0,0.0,5.0,4.0,2.0,4.0,4.0,4.0,2.0,5.0,2.0,2.0,85.0,61.0
140,1.0,4.0,4.0,4.0,4.0,4.0,4.0,4.0,4.0,4.0,4.0,4.0,4.0,4.0,4.0,6.0,6.0,7.0,6.0,6.0,6.0,6.0,6.0,5.0,5.0,6.0,7.0,6.0,1.0,1.0,0.0,0.0,2.0,0.0,1.0,1.0,1.0,1.0,0.0,0.0,0.0,2.0,1.0,1.0,1.0,1.0,2.0,2.0,0.0,0.0,1.0,1.0,2.0,0.0,2.0,0.0,2.0,18.0,3.0,2.0,1.0,0.0,3.0,2.0,1.0,1.0,1.0,4.0,1.0,3.0,2.0,0.0,82.0,53.0
141,4.0,3.0,3.0,4.0,5.0,4.0,5.0,4.0,5.0,3.0,5.0,4.0,5.0,3.0,7.0,7.0,7.0,5.0,7.0,7.0,7.0,7.0,7.0,7.0,7.0,7.0,5.0,7.0,3.0,3.0,2.0,2.0,2.0,1.0,3.0,2.0,3.0,3.0,1.0,2.0,3.0,3.0,1.0,1.0,3.0,0.0,1.0,3.0,3.0,1.0,1.0,3.0,3.0,3.0,3.0,1.0,2.0,18.0,4.0,6.0,4.0,3.0,3.0,4.0,2.0,6.0,5.0,6.0,1.0,6.0,4.0,6.0,94.0,57.0
142,3.0,3.0,3.0,3.0,3.0,3.0,3.0,3.0,3.0,4.0,3.0,4.0,4.0,4.0,7.0,7.0,7.0,7.0,7.0,7.0,7.0,7.0,7.0,7.0,7.0,7.0,7.0,7.0,3.0,3.0,3.0,3.0,3.0,2.0,3.0,3.0,3.0,3.0,3.0,3.0,3.0,3.0,3.0,3.0,3.0,3.0,3.0,3.0,3.0,3.0,3.0,3.0,3.0,3.0,3.0,3.0,2.0,17.0,6.0,6.0,6.0,6.0,6.0,6.0,5.0,6.0,6.0,6.0,6.0,6.0,6.0,6.0,98.0,46.0
143,5.0,4.0,4.0,5.0,5.0,5.0,4.0,5.0,5.0,5.0,5.0,4.0,5.0,4.0,7.0,5.0,7.0,6.0,5.0,3.0,5.0,7.0,7.0,7.0,7.0,7.0,7.0,6.0,2.0,3.0,0.0,1.0,3.0,0.0,3.0,3.0,2.0,2.0,1.0,2.0,2.0,3.0,3.0,2.0,2.0,3.0,2.0,3.0,2.0,3.0,2.0,3.0,3.0,3.0,2.0,3.0,2.0,17.0,4.0,6.0,3.0,2.0,6.0,4.0,2.0,4.0,4.0,6.0,6.0,6.0,5.0,5.0,86.0,65.0
144,5.0,3.0,4.0,4.0,4.0,3.0,3.0,5.0,5.0,5.0,5.0,4.0,4.0,4.0,6.0,7.0,6.0,7.0,6.0,6.0,7.0,7.0,7.0,7.0,6.0,5.0,7.0,7.0,2.0,2.0,1.0,2.0,1.0,2.0,3.0,1.0,2.0,2.0,1.0,2.0,1.0,2.0,1.0,2.0,2.0,1.0,2.0,2.0,1.0,2.0,1.0,2.0,2.0,1.0,2.0,3.0,2.0,17.0,4.0,5.0,2.0,3.0,2.0,3.0,4.0,3.0,4.0,4.0,4.0,4.0,4.0,2.0,91.0,58.0
145,3.0,1.0,3.0,4.0,5.0,3.0,4.0,4.0,3.0,3.0,4.0,2.0,5.0,4.0,5.0,3.0,7.0,3.0,6.0,4.0,6.0,4.0,5.0,7.0,3.0,4.0,6.0,5.0,2.0,2.0,2.0,2.0,1.0,3.0,2.0,1.0,2.0,2.0,2.0,1.0,2.0,1.0,3.0,1.0,1.0,1.0,1.0,1.0,1.0,2.0,1.0,2.0,1.0,1.0,2.0,2.0,2.0,16.0,3.0,4.0,3.0,4.0,4.0,3.0,4.0,3.0,2.0,2.0,3.0,3.0,4.0,3.0,68.0,48.0
146,5.0,4.0,4.0,5.0,4.0,5.0,5.0,5.0,5.0,5.0,5.0,5.0,5.0,5.0,5.0,5.0,5.0,5.0,5.0,5.0,5.0,5.0,7.0,7.0,7.0,7.0,7.0,7.0,2.0,3.0,0.0,0.0,3.0,0.0,3.0,3.0,3.0,3.0,0.0,1.0,0.0,0.0,3.0,3.0,3.0,0.0,3.0,3.0,0.0,3.0,3.0,3.0,3.0,3.0,3.0,1.0,2.0,17.0,5.0,6.0,3.0,0.0,6.0,6.0,3.0,3.0,4.0,3.0,1.0,6.0,6.0,3.0,82.0,67.0
147,5.0,5.0,4.0,5.0,5.0,5.0,5.0,5.0,5.0,5.0,5.0,5.0,5.0,5.0,6.0,6.0,7.0,7.0,6.0,7.0,6.0,6.0,7.0,7.0,7.0,7.0,7.0,7.0,2.0,2.0,0.0,0.0,3.0,3.0,3.0,0.0,2.0,2.0,0.0,2.0,1.0,2.0,2.0,0.0,3.0,2.0,2.0,3.0,0.0,3.0,2.0,2.0,2.0,1.0,2.0,0.0,2.0,18.0,4.0,5.0,0.0,0.0,5.0,4.0,3.0,2.0,5.0,4.0,2.0,5.0,5.0,2.0,93.0,69.0
148,3.0,5.0,5.0,5.0,5.0,5.0,5.0,5.0,5.0,5.0,5.0,5.0,5.0,5.0,7.0,5.0,4.0,5.0,7.0,1.0,5.0,7.0,7.0,7.0,7.0,7.0,7.0,7.0,2.0,2.0,3.0,2.0,3.0,2.0,3.0,3.0,3.0,3.0,2.0,3.0,2.0,2.0,3.0,0.0,3.0,3.0,3.0,3.0,0.0,2.0,3.0,3.0,2.0,2.0,1.0,3.0,2.0,18.0,5.0,5.0,6.0,4.0,6.0,6.0,2.0,3.0,6.0,4.0,6.0,6.0,3.0,4.0,83.0,68.0
149,5.0,2.0,2.0,2.0,2.0,3.0,2.0,2.0,3.0,2.0,2.0,2.0,4.0,3.0,4.0,4.0,3.0,3.0,3.0,6.0,5.0,4.0,7.0,6.0,5.0,4.0,5.0,5.0,3.0,2.0,3.0,2.0,2.0,1.0,2.0,3.0,2.0,2.0,2.0,2.0,2.0,2.0,1.0,1.0,2.0,2.0,2.0,1.0,0.0,2.0,1.0,2.0,2.0,1.0,3.0,0.0,1.0,18.0,5.0,4.0,6.0,4.0,3.0,3.0,2.0,2.0,4.0,4.0,2.0,3.0,5.0,3.0,64.0,36.0
150,5.0,5.0,2.0,5.0,3.0,4.0,5.0,3.0,4.0,5.0,1.0,5.0,5.0,3.0,7.0,7.0,5.0,4.0,6.0,7.0,7.0,6.0,6.0,7.0,5.0,7.0,7.0,7.0,3.0,3.0,2.0,0.0,2.0,0.0,3.0,1.0,3.0,2.0,0.0,3.0,0.0,0.0,3.0,3.0,3.0,3.0,3.0,2.0,1.0,0.0,3.0,3.0,2.0,0.0,0.0,3.0,1.0,17.0,6.0,6.0,3.0,0.0,5.0,5.0,3.0,4.0,6.0,2.0,6.0,5.0,0.0,0.0,88.0,55.0
151,2.0,4.0,4.0,4.0,4.0,3.0,2.0,4.0,4.0,4.0,5.0,5.0,4.0,4.0,5.0,4.0,5.0,5.0,6.0,4.0,4.0,1.0,7.0,5.0,6.0,7.0,6.0,5.0,3.0,3.0,0.0,0.0,2.0,3.0,3.0,3.0,2.0,3.0,0.0,3.0,2.0,3.0,3.0,0.0,2.0,3.0,2.0,3.0,2.0,1.0,2.0,2.0,2.0,2.0,1.0,1.0,2.0,17.0,5.0,6.0,3.0,0.0,5.0,5.0,3.0,4.0,5.0,5.0,4.0,5.0,2.0,4.0,70.0,53.0
152,1.0,1.0,3.0,2.0,4.0,2.0,3.0,4.0,1.0,1.0,5.0,1.0,5.0,2.0,4.0,4.0,5.0,2.0,4.0,5.0,6.0,4.0,7.0,2.0,1.0,7.0,1.0,4.0,2.0,2.0,2.0,3.0,0.0,0.0,3.0,3.0,2.0,0.0,3.0,1.0,2.0,3.0,0.0,0.0,1.0,0.0,2.0,3.0,3.0,2.0,0.0,2.0,2.0,2.0,2.0,0.0,2.0,16.0,4.0,5.0,5.0,6.0,0.0,0.0,0.0,5.0,2.0,5.0,0.0,5.0,4.0,4.0,56.0,35.0
153,4.0,3.0,3.0,3.0,4.0,3.0,3.0,4.0,3.0,4.0,4.0,4.0,5.0,3.0,4.0,5.0,4.0,4.0,5.0,3.0,5.0,5.0,7.0,5.0,4.0,5.0,4.0,4.0,3.0,3.0,1.0,0.0,2.0,0.0,2.0,1.0,1.0,1.0,0.0,2.0,2.0,2.0,2.0,1.0,3.0,0.0,3.0,2.0,2.0,2.0,2.0,3.0,2.0,2.0,1.0,0.0,2.0,17.0,6.0,5.0,2.0,0.0,4.0,3.0,1.0,3.0,5.0,4.0,0.0,5.0,3.0,4.0,64.0,50.0
154,4.0,3.0,3.0,3.0,3.0,2.0,2.0,2.0,3.0,4.0,3.0,5.0,3.0,4.0,4.0,5.0,3.0,7.0,4.0,3.0,4.0,3.0,5.0,4.0,5.0,5.0,5.0,4.0,2.0,2.0,2.0,2.0,3.0,2.0,3.0,2.0,3.0,3.0,2.0,2.0,2.0,3.0,2.0,2.0,3.0,3.0,2.0,2.0,2.0,2.0,3.0,2.0,3.0,3.0,0.0,2.0,2.0,18.0,4.0,5.0,4.0,4.0,5.0,6.0,4.0,5.0,5.0,6.0,5.0,4.0,2.0,5.0,61.0,44.0
155,5.0,4.0,5.0,5.0,5.0,5.0,5.0,5.0,4.0,3.0,4.0,5.0,5.0,4.0,7.0,5.0,7.0,7.0,6.0,1.0,7.0,7.0,7.0,7.0,7.0,7.0,7.0,7.0,3.0,3.0,0.0,1.0,2.0,0.0,3.0,2.0,1.0,2.0,1.0,3.0,0.0,1.0,3.0,0.0,3.0,3.0,3.0,1.0,1.0,0.0,3.0,1.0,2.0,0.0,0.0,0.0,2.0,17.0,6.0,6.0,2.0,2.0,5.0,5.0,0.0,2.0,6.0,3.0,3.0,2.0,0.0,0.0,89.0,64.0
156,5.0,5.0,5.0,5.0,5.0,5.0,5.0,5.0,5.0,5.0,5.0,5.0,5.0,5.0,6.0,7.0,7.0,7.0,7.0,3.0,3.0,7.0,7.0,7.0,7.0,4.0,7.0,7.0,3.0,2.0,2.0,1.0,1.0,0.0,3.0,3.0,2.0,2.0,1.0,3.0,0.0,3.0,1.0,1.0,3.0,1.0,3.0,1.0,0.0,2.0,0.0,3.0,2.0,2.0,2.0,2.0,2.0,17.0,6.0,5.0,5.0,2.0,2.0,2.0,1.0,2.0,6.0,5.0,3.0,4.0,4.0,2.0,86.0,70.0
157,3.0,4.0,4.0,3.0,4.0,3.0,4.0,5.0,4.0,3.0,4.0,5.0,5.0,3.0,7.0,6.0,7.0,7.0,6.0,6.0,7.0,6.0,7.0,7.0,7.0,6.0,7.0,5.0,2.0,3.0,2.0,0.0,1.0,0.0,3.0,1.0,1.0,2.0,0.0,3.0,0.0,2.0,2.0,0.0,2.0,2.0,2.0,3.0,1.0,2.0,2.0,3.0,3.0,1.0,0.0,2.0,2.0,16.0,4.0,6.0,3.0,0.0,3.0,4.0,0.0,2.0,5.0,5.0,4.0,6.0,2.0,1.0,91.0,54.0
158,5.0,3.0,4.0,5.0,4.0,4.0,4.0,4.0,3.0,4.0,4.0,4.0,5.0,4.0,5.0,6.0,5.0,6.0,5.0,3.0,5.0,4.0,6.0,5.0,5.0,7.0,7.0,6.0,2.0,2.0,2.0,1.0,3.0,1.0,3.0,2.0,2.0,3.0,1.0,2.0,2.0,2.0,2.0,1.0,3.0,0.0,3.0,3.0,2.0,1.0,3.0,3.0,3.0,1.0,1.0,0.0,1.0,17.0,5.0,5.0,4.0,2.0,5.0,6.0,2.0,4.0,5.0,5.0,0.0,6.0,2.0,3.0,75.0,57.0
159,5.0,4.0,4.0,5.0,5.0,3.0,4.0,4.0,5.0,4.0,5.0,5.0,5.0,4.0,5.0,6.0,3.0,6.0,5.0,5.0,5.0,3.0,7.0,6.0,5.0,6.0,6.0,7.0,3.0,2.0,3.0,1.0,3.0,1.0,2.0,2.0,2.0,3.0,1.0,2.0,2.0,1.0,1.0,1.0,3.0,1.0,3.0,3.0,2.0,2.0,3.0,3.0,2.0,1.0,1.0,0.0,1.0,17.0,6.0,4.0,5.0,2.0,4.0,6.0,2.0,4.0,5.0,3.0,1.0,6.0,3.0,3.0,75.0,62.0
160,5.0,5.0,4.0,5.0,4.0,3.0,4.0,3.0,4.0,5.0,4.0,4.0,5.0,4.0,5.0,6.0,5.0,6.0,5.0,3.0,6.0,2.0,6.0,5.0,6.0,7.0,7.0,7.0,3.0,2.0,1.0,0.0,2.0,0.0,3.0,2.0,2.0,3.0,0.0,2.0,1.0,2.0,3.0,2.0,3.0,1.0,3.0,3.0,1.0,2.0,3.0,3.0,3.0,0.0,1.0,0.0,1.0,17.0,6.0,5.0,3.0,0.0,5.0,6.0,2.0,3.0,5.0,5.0,1.0,6.0,3.0,1.0,76.0,59.0
161,5.0,4.0,4.0,5.0,3.0,4.0,4.0,4.0,3.0,4.0,4.0,4.0,5.0,4.0,5.0,5.0,5.0,4.0,5.0,4.0,6.0,3.0,5.0,5.0,5.0,6.0,6.0,5.0,3.0,2.0,2.0,1.0,2.0,1.0,2.0,2.0,2.0,3.0,1.0,2.0,1.0,2.0,3.0,1.0,2.0,1.0,3.0,2.0,1.0,1.0,3.0,2.0,2.0,2.0,0.0,1.0,1.0,17.0,6.0,4.0,4.0,2.0,5.0,6.0,2.0,3.0,4.0,4.0,2.0,4.0,1.0,3.0,69.0,57.0
162,3.0,4.0,4.0,5.0,3.0,3.0,4.0,4.0,3.0,4.0,5.0,4.0,5.0,4.0,6.0,6.0,5.0,5.0,5.0,3.0,5.0,4.0,6.0,6.0,5.0,7.0,7.0,6.0,2.0,2.0,1.0,0.0,2.0,0.0,3.0,2.0,2.0,3.0,0.0,2.0,2.0,1.0,2.0,2.0,3.0,1.0,3.0,3.0,2.0,2.0,3.0,3.0,3.0,1.0,1.0,0.0,1.0,17.0,5.0,5.0,3.0,0.0,4.0,6.0,2.0,4.0,5.0,4.0,1.0,6.0,3.0,3.0,76.0,55.0
163,5.0,5.0,4.0,5.0,4.0,3.0,4.0,3.0,4.0,5.0,4.0,4.0,5.0,4.0,5.0,6.0,5.0,6.0,5.0,3.0,6.0,2.0,6.0,5.0,6.0,7.0,7.0,7.0,3.0,2.0,1.0,0.0,2.0,0.0,3.0,2.0,2.0,3.0,0.0,2.0,1.0,2.0,3.0,2.0,3.0,1.0,3.0,3.0,1.0,2.0,3.0,3.0,3.0,0.0,1.0,0.0,1.0,17.0,6.0,5.0,3.0,0.0,5.0,6.0,2.0,3.0,5.0,5.0,1.0,6.0,3.0,1.0,76.0,59.0
164,5.0,4.0,4.0,4.0,3.0,4.0,4.0,4.0,3.0,4.0,4.0,5.0,5.0,4.0,4.0,5.0,6.0,6.0,5.0,3.0,5.0,6.0,7.0,7.0,5.0,6.0,7.0,6.0,2.0,2.0,1.0,0.0,2.0,0.0,2.0,2.0,3.0,2.0,0.0,2.0,0.0,2.0,2.0,2.0,3.0,0.0,2.0,2.0,2.0,1.0,3.0,3.0,3.0,1.0,1.0,0.0,1.0,17.0,4.0,4.0,3.0,0.0,4.0,5.0,2.0,5.0,5.0,5.0,0.0,5.0,2.0,1.0,78.0,57.0
165,4.0,5.0,4.0,3.0,4.0,4.0,5.0,5.0,4.0,4.0,5.0,5.0,5.0,4.0,6.0,6.0,6.0,7.0,6.0,7.0,5.0,6.0,7.0,7.0,6.0,6.0,7.0,7.0,2.0,2.0,0.0,0.0,3.0,0.0,3.0,1.0,3.0,2.0,0.0,3.0,0.0,2.0,2.0,0.0,3.0,1.0,2.0,3.0,2.0,3.0,2.0,3.0,3.0,1.0,3.0,0.0,1.0,17.0,4.0,5.0,1.0,0.0,5.0,4.0,0.0,5.0,6.0,5.0,1.0,6.0,6.0,1.0,89.0,61.0
166,5.0,4.0,5.0,5.0,5.0,5.0,5.0,4.0,5.0,5.0,3.0,5.0,5.0,5.0,5.0,3.0,6.0,7.0,4.0,6.0,5.0,4.0,7.0,7.0,7.0,7.0,7.0,6.0,2.0,3.0,2.0,2.0,3.0,0.0,3.0,3.0,3.0,3.0,2.0,1.0,2.0,3.0,3.0,1.0,0.0,0.0,3.0,0.0,1.0,3.0,3.0,1.0,3.0,3.0,3.0,0.0,2.0,16.0,5.0,6.0,5.0,4.0,6.0,6.0,1.0,4.0,1.0,6.0,0.0,1.0,6.0,5.0,81.0,66.0
167,5.0,2.0,3.0,5.0,4.0,4.0,4.0,4.0,3.0,4.0,4.0,3.0,5.0,4.0,6.0,6.0,2.0,4.0,3.0,2.0,7.0,2.0,3.0,7.0,6.0,7.0,7.0,5.0,2.0,3.0,3.0,2.0,2.0,3.0,2.0,2.0,3.0,3.0,2.0,2.0,3.0,3.0,1.0,0.0,3.0,1.0,3.0,3.0,3.0,3.0,1.0,3.0,3.0,3.0,2.0,0.0,1.0,16.0,5.0,5.0,5.0,4.0,3.0,4.0,3.0,6.0,5.0,6.0,1.0,6.0,5.0,6.0,67.0,54.0
168,4.0,4.0,5.0,4.0,3.0,3.0,3.0,5.0,4.0,4.0,5.0,4.0,4.0,5.0,6.0,5.0,4.0,7.0,5.0,7.0,6.0,6.0,7.0,6.0,5.0,7.0,7.0,6.0,3.0,2.0,2.0,1.0,2.0,0.0,3.0,1.0,2.0,2.0,0.0,2.0,1.0,1.0,2.0,0.0,2.0,2.0,2.0,2.0,2.0,2.0,1.0,2.0,2.0,1.0,2.0,0.0,2.0,17.0,5.0,5.0,3.0,1.0,4.0,3.0,0.0,4.0,4.0,3.0,2.0,4.0,4.0,2.0,84.0,57.0
169,4.0,5.0,4.0,5.0,5.0,5.0,4.0,4.0,5.0,4.0,4.0,3.0,4.0,4.0,5.0,5.0,7.0,7.0,5.0,6.0,6.0,6.0,7.0,7.0,5.0,7.0,6.0,6.0,3.0,2.0,2.0,0.0,2.0,3.0,2.0,2.0,1.0,2.0,1.0,2.0,1.0,2.0,2.0,0.0,2.0,3.0,2.0,3.0,2.0,0.0,2.0,2.0,2.0,1.0,0.0,1.0,1.0,17.0,5.0,4.0,4.0,1.0,4.0,4.0,3.0,3.0,4.0,4.0,4.0,5.0,0.0,2.0,85.0,60.0
170,5.0,5.0,5.0,5.0,5.0,5.0,5.0,4.0,5.0,5.0,5.0,5.0,5.0,5.0,5.0,7.0,7.0,7.0,7.0,7.0,7.0,5.0,7.0,7.0,7.0,7.0,6.0,7.0,2.0,3.0,3.0,2.0,3.0,3.0,2.0,2.0,2.0,2.0,2.0,2.0,2.0,2.0,2.0,2.0,2.0,3.0,2.0,2.0,2.0,2.0,2.0,2.0,1.0,1.0,2.0,2.0,2.0,17.0,4.0,5.0,5.0,4.0,5.0,4.0,5.0,4.0,4.0,3.0,5.0,4.0,4.0,3.0,93.0,69.0
171,5.0,5.0,5.0,4.0,4.0,4.0,4.0,5.0,5.0,5.0,5.0,5.0,5.0,4.0,6.0,7.0,4.0,7.0,7.0,7.0,6.0,7.0,7.0,7.0,7.0,5.0,7.0,7.0,3.0,2.0,2.0,0.0,2.0,0.0,3.0,1.0,1.0,3.0,0.0,3.0,1.0,2.0,3.0,0.0,2.0,1.0,2.0,2.0,1.0,3.0,3.0,1.0,3.0,1.0,2.0,0.0,1.0,17.0,5.0,5.0,3.0,0.0,5.0,6.0,0.0,2.0,5.0,5.0,1.0,3.0,5.0,2.0,91.0,65.0
172,3.0,3.0,3.0,3.0,3.0,3.0,3.0,3.0,3.0,3.0,3.0,3.0,3.0,3.0,4.0,4.0,4.0,4.0,4.0,4.0,4.0,4.0,4.0,4.0,4.0,4.0,4.0,4.0,1.0,1.0,1.0,1.0,1.0,1.0,1.0,1.0,1.0,1.0,1.0,1.0,1.0,1.0,1.0,1.0,1.0,1.0,1.0,1.0,1.0,1.0,1.0,1.0,1.0,1.0,1.0,1.0,2.0,15.0,2.0,2.0,2.0,2.0,2.0,2.0,2.0,2.0,2.0,2.0,2.0,2.0,2.0,2.0,56.0,42.0
173,2.0,4.0,5.0,4.0,5.0,5.0,4.0,5.0,4.0,4.0,5.0,5.0,4.0,5.0,5.0,7.0,6.0,5.0,5.0,5.0,5.0,5.0,7.0,6.0,6.0,7.0,4.0,6.0,3.0,3.0,3.0,3.0,3.0,3.0,3.0,3.0,3.0,3.0,3.0,3.0,3.0,3.0,3.0,3.0,3.0,3.0,3.0,3.0,3.0,3.0,3.0,3.0,3.0,3.0,3.0,3.0,2.0,16.0,6.0,6.0,6.0,6.0,6.0,6.0,6.0,6.0,6.0,6.0,6.0,6.0,6.0,6.0,79.0,61.0
174,2.0,2.0,2.0,4.0,2.0,4.0,3.0,5.0,5.0,5.0,3.0,4.0,2.0,3.0,4.0,3.0,5.0,3.0,5.0,2.0,3.0,5.0,3.0,4.0,6.0,6.0,4.0,5.0,1.0,2.0,3.0,0.0,2.0,1.0,2.0,3.0,1.0,1.0,2.0,0.0,2.0,2.0,2.0,3.0,0.0,3.0,2.0,1.0,2.0,3.0,2.0,1.0,0.0,1.0,2.0,3.0,2.0,15.0,3.0,4.0,6.0,2.0,4.0,3.0,4.0,3.0,0.0,2.0,6.0,2.0,5.0,3.0,58.0,46.0
175,3.0,4.0,5.0,3.0,4.0,4.0,4.0,3.0,4.0,4.0,5.0,4.0,3.0,3.0,3.0,5.0,4.0,7.0,5.0,3.0,4.0,5.0,7.0,5.0,7.0,6.0,7.0,6.0,2.0,3.0,2.0,2.0,3.0,2.0,2.0,1.0,3.0,3.0,1.0,1.0,0.0,1.0,2.0,3.0,1.0,1.0,0.0,2.0,2.0,1.0,3.0,2.0,1.0,3.0,0.0,2.0,2.0,14.0,2.0,5.0,3.0,3.0,5.0,6.0,5.0,5.0,2.0,2.0,3.0,4.0,1.0,3.0,74.0,53.0
176,5.0,5.0,5.0,5.0,5.0,5.0,5.0,5.0,5.0,5.0,5.0,5.0,5.0,5.0,5.0,7.0,7.0,7.0,7.0,7.0,7.0,7.0,7.0,7.0,7.0,7.0,7.0,7.0,3.0,3.0,2.0,1.0,3.0,0.0,3.0,0.0,2.0,2.0,0.0,3.0,3.0,3.0,3.0,0.0,3.0,3.0,3.0,3.0,3.0,3.0,3.0,3.0,3.0,1.0,3.0,3.0,2.0,17.0,6.0,6.0,2.0,1.0,6.0,5.0,0.0,5.0,6.0,6.0,6.0,6.0,6.0,4.0,96.0,70.0
177,1.0,3.0,2.0,3.0,4.0,2.0,4.0,3.0,3.0,4.0,5.0,3.0,2.0,3.0,3.0,5.0,2.0,6.0,3.0,5.0,2.0,6.0,5.0,3.0,4.0,4.0,5.0,5.0,2.0,1.0,0.0,2.0,2.0,1.0,3.0,3.0,0.0,1.0,3.0,3.0,2.0,1.0,1.0,3.0,2.0,3.0,1.0,0.0,2.0,1.0,3.0,1.0,3.0,3.0,2.0,1.0,2.0,13.0,3.0,4.0,3.0,5.0,3.0,4.0,4.0,2.0,5.0,4.0,4.0,1.0,3.0,5.0,58.0,42.0
178,5.0,5.0,2.0,4.0,4.0,5.0,5.0,4.0,3.0,4.0,5.0,5.0,5.0,5.0,6.0,6.0,4.0,3.0,7.0,5.0,4.0,6.0,4.0,5.0,5.0,6.0,7.0,5.0,3.0,3.0,2.0,2.0,2.0,2.0,2.0,3.0,1.0,3.0,0.0,3.0,1.0,3.0,3.0,1.0,3.0,0.0,3.0,3.0,2.0,2.0,3.0,2.0,2.0,3.0,1.0,2.0,2.0,15.0,6.0,5.0,5.0,2.0,5.0,6.0,3.0,3.0,6.0,5.0,2.0,5.0,3.0,4.0,73.0,61.0
179,5.0,4.0,3.0,4.0,3.0,4.0,4.0,4.0,3.0,4.0,4.0,4.0,3.0,3.0,2.0,4.0,5.0,7.0,6.0,4.0,4.0,4.0,5.0,4.0,7.0,6.0,6.0,6.0,1.0,2.0,2.0,1.0,1.0,2.0,1.0,0.0,2.0,1.0,2.0,3.0,1.0,2.0,0.0,2.0,0.0,3.0,1.0,3.0,0.0,2.0,0.0,2.0,1.0,3.0,0.0,3.0,2.0,15.0,2.0,3.0,2.0,3.0,1.0,1.0,4.0,2.0,3.0,3.0,6.0,5.0,2.0,4.0,70.0,52.0
180,5.0,5.0,5.0,5.0,5.0,5.0,4.0,5.0,5.0,5.0,4.0,5.0,4.0,4.0,6.0,7.0,5.0,7.0,5.0,4.0,7.0,5.0,7.0,6.0,6.0,7.0,6.0,7.0,3.0,3.0,3.0,1.0,3.0,2.0,2.0,3.0,2.0,3.0,0.0,2.0,2.0,3.0,2.0,2.0,3.0,2.0,3.0,2.0,1.0,0.0,3.0,1.0,2.0,2.0,1.0,2.0,2.0,15.0,6.0,5.0,6.0,1.0,5.0,6.0,4.0,3.0,5.0,5.0,4.0,3.0,1.0,4.0,85.0,66.0
181,3.0,4.0,4.0,5.0,5.0,3.0,4.0,3.0,5.0,5.0,4.0,5.0,5.0,4.0,5.0,7.0,5.0,7.0,4.0,4.0,4.0,4.0,7.0,7.0,5.0,7.0,5.0,6.0,2.0,2.0,0.0,0.0,2.0,0.0,2.0,3.0,3.0,3.0,0.0,3.0,2.0,1.0,3.0,2.0,3.0,1.0,2.0,2.0,3.0,1.0,3.0,3.0,3.0,3.0,2.0,0.0,2.0,17.0,4.0,4.0,3.0,0.0,5.0,6.0,2.0,6.0,6.0,4.0,1.0,5.0,3.0,5.0,77.0,59.0
182,3.0,3.0,3.0,3.0,3.0,3.0,3.0,4.0,4.0,4.0,3.0,3.0,3.0,3.0,4.0,5.0,6.0,6.0,6.0,4.0,5.0,5.0,6.0,7.0,7.0,4.0,6.0,4.0,2.0,2.0,2.0,0.0,3.0,1.0,2.0,2.0,2.0,2.0,0.0,2.0,2.0,2.0,1.0,2.0,2.0,2.0,2.0,2.0,2.0,2.0,2.0,2.0,2.0,2.0,2.0,2.0,2.0,14.0,4.0,4.0,4.0,0.0,4.0,4.0,3.0,4.0,4.0,4.0,4.0,4.0,4.0,4.0,75.0,45.0
183,4.0,3.0,3.0,4.0,3.0,3.0,4.0,4.0,4.0,3.0,4.0,3.0,3.0,3.0,4.0,5.0,5.0,4.0,4.0,4.0,5.0,4.0,5.0,5.0,5.0,4.0,4.0,4.0,2.0,2.0,2.0,1.0,1.0,2.0,2.0,2.0,1.0,2.0,2.0,2.0,0.0,2.0,1.0,2.0,2.0,2.0,2.0,2.0,1.0,1.0,2.0,2.0,2.0,2.0,1.0,1.0,2.0,17.0,4.0,4.0,4.0,3.0,2.0,4.0,4.0,2.0,4.0,4.0,3.0,4.0,2.0,2.0,62.0,48.0
184,5.0,4.0,4.0,5.0,5.0,5.0,3.0,4.0,5.0,4.0,5.0,4.0,5.0,4.0,5.0,6.0,5.0,7.0,7.0,6.0,7.0,5.0,7.0,6.0,6.0,6.0,6.0,7.0,3.0,1.0,1.0,0.0,1.0,0.0,3.0,1.0,3.0,3.0,0.0,2.0,0.0,3.0,3.0,0.0,3.0,1.0,3.0,3.0,0.0,2.0,3.0,2.0,2.0,1.0,1.0,0.0,2.0,17.0,6.0,4.0,2.0,0.0,4.0,6.0,0.0,3.0,5.0,5.0,1.0,5.0,3.0,1.0,86.0,62.0
185,3.0,2.0,4.0,4.0,4.0,4.0,4.0,4.0,4.0,4.0,4.0,4.0,4.0,4.0,6.0,6.0,6.0,6.0,2.0,5.0,6.0,6.0,6.0,6.0,5.0,4.0,6.0,6.0,1.0,3.0,2.0,2.0,2.0,2.0,3.0,2.0,2.0,3.0,1.0,3.0,3.0,3.0,3.0,1.0,2.0,2.0,3.0,3.0,3.0,2.0,3.0,3.0,3.0,2.0,2.0,1.0,2.0,16.0,4.0,6.0,4.0,3.0,5.0,6.0,3.0,5.0,5.0,6.0,3.0,6.0,4.0,5.0,76.0,53.0
186,3.0,5.0,2.0,3.0,5.0,3.0,3.0,5.0,4.0,5.0,4.0,4.0,4.0,2.0,5.0,6.0,3.0,5.0,6.0,6.0,7.0,5.0,7.0,5.0,6.0,5.0,5.0,4.0,1.0,2.0,0.0,3.0,2.0,0.0,3.0,0.0,2.0,1.0,1.0,2.0,3.0,2.0,2.0,0.0,2.0,2.0,3.0,3.0,3.0,1.0,1.0,2.0,3.0,1.0,2.0,0.0,2.0,16.0,4.0,5.0,0.0,4.0,4.0,2.0,0.0,5.0,4.0,5.0,2.0,5.0,3.0,4.0,75.0,52.0
187,4.0,2.0,1.0,3.0,2.0,1.0,2.0,2.0,1.0,2.0,3.0,1.0,3.0,2.0,3.0,3.0,3.0,3.0,3.0,3.0,3.0,3.0,3.0,3.0,3.0,3.0,2.0,3.0,1.0,2.0,2.0,2.0,2.0,2.0,2.0,2.0,1.0,2.0,2.0,2.0,2.0,1.0,1.0,1.0,1.0,1.0,2.0,2.0,2.0,1.0,2.0,2.0,2.0,2.0,1.0,1.0,2.0,17.0,3.0,4.0,4.0,4.0,3.0,4.0,3.0,3.0,3.0,3.0,2.0,4.0,2.0,4.0,41.0,29.0
188,4.0,3.0,2.0,5.0,4.0,4.0,2.0,3.0,3.0,4.0,5.0,4.0,4.0,5.0,5.0,6.0,2.0,6.0,6.0,5.0,7.0,4.0,7.0,7.0,7.0,7.0,6.0,6.0,0.0,3.0,0.0,1.0,2.0,0.0,3.0,0.0,0.0,1.0,1.0,2.0,1.0,3.0,2.0,1.0,0.0,3.0,1.0,2.0,2.0,1.0,1.0,2.0,3.0,2.0,2.0,1.0,2.0,17.0,1.0,6.0,0.0,2.0,4.0,2.0,1.0,2.0,2.0,6.0,4.0,4.0,3.0,3.0,81.0,52.0
189,1.0,2.0,2.0,1.0,2.0,1.0,3.0,3.0,2.0,4.0,4.0,3.0,4.0,2.0,4.0,5.0,3.0,7.0,5.0,4.0,7.0,4.0,6.0,7.0,6.0,5.0,4.0,4.0,2.0,2.0,1.0,3.0,1.0,2.0,1.0,3.0,2.0,2.0,2.0,2.0,1.0,0.0,1.0,2.0,1.0,1.0,1.0,3.0,3.0,0.0,1.0,2.0,0.0,1.0,0.0,0.0,1.0,17.0,3.0,3.0,4.0,5.0,2.0,3.0,4.0,5.0,3.0,0.0,1.0,5.0,0.0,2.0,71.0,34.0
190,5.0,4.0,2.0,5.0,5.0,4.0,3.0,4.0,5.0,5.0,5.0,2.0,4.0,5.0,6.0,7.0,7.0,6.0,5.0,4.0,7.0,5.0,7.0,7.0,4.0,7.0,5.0,5.0,3.0,3.0,1.0,3.0,2.0,2.0,3.0,3.0,3.0,2.0,2.0,2.0,3.0,3.0,2.0,0.0,2.0,1.0,1.0,2.0,3.0,1.0,2.0,2.0,2.0,1.0,0.0,1.0,1.0,17.0,4.0,6.0,4.0,5.0,4.0,4.0,2.0,6.0,4.0,5.0,2.0,4.0,1.0,4.0,82.0,58.0
191,4.0,4.0,3.0,3.0,4.0,3.0,3.0,4.0,4.0,3.0,3.0,4.0,4.0,4.0,5.0,6.0,3.0,5.0,5.0,6.0,6.0,6.0,7.0,6.0,5.0,7.0,7.0,6.0,2.0,3.0,1.0,2.0,2.0,1.0,2.0,2.0,3.0,2.0,2.0,2.0,1.0,2.0,2.0,0.0,1.0,2.0,2.0,1.0,2.0,0.0,1.0,2.0,2.0,1.0,0.0,0.0,1.0,16.0,4.0,5.0,3.0,4.0,4.0,3.0,1.0,5.0,3.0,4.0,2.0,3.0,0.0,2.0,80.0,50.0
192,3.0,2.0,3.0,4.0,3.0,2.0,3.0,3.0,2.0,4.0,1.0,3.0,4.0,3.0,4.0,7.0,1.0,2.0,1.0,5.0,6.0,4.0,7.0,7.0,6.0,6.0,4.0,4.0,2.0,3.0,3.0,1.0,1.0,0.0,2.0,3.0,1.0,3.0,0.0,3.0,3.0,2.0,1.0,0.0,1.0,0.0,1.0,2.0,3.0,0.0,3.0,3.0,1.0,3.0,0.0,0.0,1.0,17.0,3.0,5.0,6.0,1.0,2.0,6.0,0.0,4.0,4.0,3.0,0.0,5.0,0.0,6.0,64.0,40.0
193,2.0,3.0,3.0,4.0,5.0,4.0,4.0,4.0,4.0,4.0,5.0,3.0,4.0,4.0,4.0,6.0,6.0,6.0,6.0,6.0,6.0,6.0,6.0,6.0,6.0,6.0,5.0,6.0,2.0,2.0,2.0,1.0,2.0,1.0,2.0,2.0,2.0,2.0,1.0,2.0,2.0,2.0,3.0,1.0,2.0,2.0,3.0,2.0,1.0,2.0,2.0,2.0,2.0,1.0,2.0,2.0,1.0,18.0,5.0,4.0,4.0,2.0,5.0,4.0,2.0,3.0,4.0,4.0,4.0,4.0,4.0,3.0,81.0,53.0
194,5.0,4.0,4.0,3.0,3.0,4.0,3.0,5.0,4.0,3.0,5.0,4.0,4.0,4.0,6.0,5.0,7.0,7.0,6.0,2.0,2.0,4.0,7.0,5.0,3.0,6.0,6.0,7.0,1.0,0.0,1.0,0.0,2.0,1.0,2.0,1.0,1.0,2.0,0.0,2.0,0.0,2.0,2.0,1.0,2.0,3.0,2.0,3.0,0.0,0.0,2.0,1.0,2.0,1.0,0.0,2.0,2.0,16.0,3.0,2.0,2.0,0.0,4.0,4.0,2.0,1.0,4.0,4.0,5.0,4.0,0.0,1.0,73.0,55.0
195,3.0,4.0,3.0,4.0,4.0,3.0,3.0,4.0,4.0,4.0,3.0,4.0,4.0,4.0,4.0,5.0,5.0,5.0,4.0,4.0,5.0,5.0,4.0,5.0,5.0,6.0,5.0,5.0,2.0,1.0,1.0,1.0,2.0,1.0,2.0,1.0,2.0,2.0,1.0,2.0,1.0,1.0,2.0,1.0,2.0,2.0,1.0,2.0,1.0,1.0,2.0,2.0,1.0,1.0,1.0,1.0,2.0,15.0,3.0,3.0,2.0,2.0,4.0,4.0,2.0,3.0,4.0,2.0,3.0,4.0,2.0,2.0,67.0,51.0
196,5.0,5.0,3.0,5.0,5.0,5.0,5.0,5.0,5.0,4.0,4.0,5.0,5.0,5.0,7.0,7.0,5.0,7.0,7.0,7.0,6.0,7.0,7.0,7.0,6.0,7.0,7.0,7.0,2.0,2.0,0.0,0.0,3.0,0.0,3.0,2.0,2.0,3.0,0.0,3.0,0.0,3.0,3.0,0.0,3.0,2.0,3.0,2.0,2.0,2.0,3.0,2.0,2.0,0.0,0.0,1.0,1.0,17.0,5.0,5.0,2.0,0.0,6.0,6.0,0.0,4.0,6.0,5.0,3.0,4.0,2.0,0.0,94.0,66.0
197,5.0,3.0,5.0,5.0,5.0,4.0,3.0,3.0,5.0,5.0,5.0,5.0,5.0,3.0,6.0,7.0,5.0,7.0,5.0,7.0,7.0,4.0,7.0,4.0,7.0,7.0,7.0,6.0,3.0,2.0,1.0,0.0,3.0,0.0,3.0,1.0,3.0,3.0,0.0,3.0,0.0,3.0,3.0,0.0,3.0,0.0,3.0,3.0,2.0,0.0,3.0,3.0,3.0,1.0,0.0,0.0,2.0,17.0,6.0,5.0,2.0,0.0,6.0,6.0,0.0,5.0,6.0,6.0,0.0,6.0,0.0,1.0,86.0,61.0
198,4.0,4.0,4.0,5.0,3.0,3.0,2.0,5.0,5.0,4.0,4.0,4.0,5.0,4.0,5.0,4.0,5.0,7.0,6.0,5.0,5.0,4.0,7.0,7.0,7.0,5.0,5.0,5.0,2.0,2.0,2.0,3.0,2.0,2.0,2.0,3.0,2.0,3.0,2.0,3.0,3.0,2.0,2.0,2.0,1.0,3.0,2.0,2.0,1.0,1.0,2.0,2.0,1.0,2.0,2.0,2.0,2.0,17.0,4.0,4.0,5.0,5.0,4.0,5.0,4.0,3.0,4.0,3.0,5.0,4.0,3.0,5.0,77.0,56.0
199,2.0,2.0,3.0,5.0,2.0,1.0,3.0,2.0,1.0,2.0,3.0,2.0,4.0,4.0,3.0,2.0,2.0,3.0,4.0,3.0,4.0,2.0,7.0,7.0,3.0,5.0,2.0,3.0,1.0,2.0,2.0,2.0,1.0,2.0,2.0,3.0,3.0,2.0,0.0,1.0,3.0,1.0,1.0,2.0,0.0,0.0,1.0,1.0,3.0,0.0,2.0,1.0,1.0,3.0,0.0,0.0,1.0,17.0,2.0,4.0,5.0,2.0,2.0,4.0,4.0,6.0,1.0,2.0,0.0,2.0,0.0,6.0,50.0,36.0
200,5.0,3.0,4.0,5.0,5.0,3.0,3.0,5.0,5.0,5.0,4.0,5.0,5.0,4.0,6.0,6.0,7.0,7.0,4.0,5.0,6.0,6.0,7.0,7.0,7.0,5.0,7.0,7.0,2.0,2.0,1.0,3.0,2.0,2.0,2.0,1.0,2.0,2.0,0.0,2.0,0.0,2.0,3.0,1.0,2.0,2.0,3.0,3.0,0.0,0.0,2.0,3.0,2.0,0.0,0.0,1.0,2.0,17.0,5.0,4.0,2.0,3.0,5.0,4.0,3.0,2.0,4.0,4.0,3.0,6.0,0.0,0.0,87.0,61.0
201,4.0,2.0,4.0,2.0,3.0,4.0,4.0,3.0,2.0,3.0,4.0,2.0,2.0,2.0,5.0,5.0,5.0,4.0,4.0,4.0,4.0,4.0,7.0,7.0,4.0,4.0,7.0,4.0,1.0,1.0,1.0,0.0,1.0,1.0,1.0,1.0,1.0,1.0,1.0,1.0,1.0,1.0,1.0,1.0,1.0,3.0,1.0,2.0,1.0,3.0,1.0,2.0,2.0,0.0,2.0,1.0,2.0,16.0,2.0,2.0,2.0,1.0,2.0,2.0,2.0,2.0,2.0,3.0,4.0,4.0,5.0,1.0,68.0,41.0
202,2.0,1.0,1.0,2.0,4.0,1.0,1.0,2.0,5.0,1.0,3.0,3.0,3.0,1.0,1.0,5.0,1.0,2.0,6.0,6.0,5.0,4.0,6.0,7.0,1.0,7.0,1.0,2.0,0.0,3.0,3.0,3.0,3.0,2.0,0.0,2.0,0.0,2.0,2.0,0.0,3.0,1.0,2.0,1.0,0.0,0.0,0.0,1.0,3.0,0.0,2.0,2.0,1.0,3.0,0.0,0.0,1.0,17.0,0.0,3.0,5.0,5.0,5.0,4.0,3.0,3.0,0.0,2.0,0.0,3.0,0.0,6.0,54.0,30.0
203,3.0,3.0,3.0,2.0,2.0,3.0,4.0,4.0,5.0,3.0,3.0,4.0,2.0,3.0,4.0,7.0,2.0,5.0,4.0,4.0,6.0,6.0,3.0,5.0,4.0,5.0,7.0,5.0,2.0,2.0,2.0,0.0,2.0,1.0,1.0,2.0,1.0,1.0,0.0,1.0,1.0,2.0,3.0,1.0,1.0,1.0,0.0,0.0,3.0,2.0,2.0,2.0,1.0,2.0,2.0,0.0,1.0,17.0,2.0,3.0,4.0,0.0,5.0,3.0,2.0,4.0,2.0,3.0,1.0,2.0,4.0,3.0,67.0,44.0
204,5.0,3.0,4.0,5.0,5.0,2.0,4.0,4.0,4.0,3.0,5.0,5.0,5.0,4.0,5.0,5.0,5.0,7.0,7.0,7.0,6.0,5.0,7.0,7.0,7.0,5.0,7.0,4.0,2.0,3.0,2.0,1.0,2.0,2.0,2.0,2.0,2.0,2.0,2.0,2.0,0.0,2.0,2.0,1.0,2.0,1.0,2.0,1.0,2.0,0.0,3.0,2.0,2.0,2.0,0.0,1.0,2.0,18.0,4.0,5.0,4.0,3.0,4.0,5.0,3.0,4.0,4.0,4.0,2.0,3.0,0.0,2.0,84.0,58.0
205,3.0,4.0,4.0,4.0,5.0,3.0,3.0,3.0,4.0,4.0,3.0,3.0,4.0,4.0,4.0,5.0,4.0,6.0,5.0,4.0,5.0,4.0,7.0,7.0,5.0,6.0,7.0,4.0,2.0,2.0,2.0,0.0,2.0,0.0,2.0,2.0,3.0,3.0,0.0,3.0,0.0,2.0,2.0,0.0,2.0,0.0,3.0,3.0,2.0,0.0,2.0,3.0,2.0,1.0,0.0,0.0,1.0,17.0,5.0,4.0,4.0,0.0,4.0,5.0,0.0,5.0,5.0,4.0,0.0,6.0,0.0,1.0,73.0,51.0
206,5.0,3.0,4.0,5.0,5.0,3.0,2.0,5.0,5.0,5.0,5.0,5.0,5.0,5.0,4.0,7.0,1.0,7.0,2.0,1.0,7.0,1.0,7.0,7.0,4.0,7.0,7.0,2.0,1.0,1.0,3.0,0.0,2.0,2.0,3.0,3.0,1.0,0.0,0.0,0.0,0.0,0.0,1.0,2.0,3.0,3.0,3.0,3.0,3.0,0.0,3.0,3.0,0.0,1.0,0.0,2.0,1.0,16.0,4.0,4.0,6.0,0.0,3.0,3.0,4.0,4.0,3.0,0.0,5.0,6.0,0.0,1.0,64.0,62.0
207,4.0,5.0,3.0,5.0,5.0,4.0,5.0,5.0,5.0,4.0,5.0,5.0,4.0,5.0,4.0,7.0,6.0,7.0,7.0,4.0,3.0,4.0,7.0,7.0,5.0,5.0,6.0,6.0,2.0,3.0,1.0,0.0,3.0,2.0,3.0,0.0,2.0,3.0,0.0,2.0,0.0,3.0,3.0,0.0,3.0,2.0,3.0,2.0,2.0,0.0,2.0,1.0,2.0,1.0,0.0,0.0,1.0,17.0,5.0,6.0,1.0,0.0,6.0,5.0,2.0,4.0,5.0,5.0,2.0,3.0,0.0,1.0,78.0,64.0
208,3.0,3.0,2.0,4.0,3.0,3.0,4.0,3.0,4.0,3.0,3.0,3.0,4.0,4.0,5.0,6.0,5.0,5.0,6.0,5.0,6.0,3.0,5.0,5.0,5.0,6.0,7.0,5.0,3.0,2.0,3.0,2.0,2.0,0.0,2.0,1.0,1.0,2.0,2.0,1.0,1.0,1.0,2.0,1.0,3.0,3.0,3.0,3.0,2.0,2.0,2.0,2.0,2.0,1.0,1.0,1.0,1.0,17.0,6.0,4.0,4.0,4.0,4.0,4.0,1.0,3.0,4.0,3.0,4.0,5.0,3.0,2.0,74.0,46.0
209,4.0,5.0,2.0,5.0,4.0,2.0,4.0,4.0,4.0,5.0,4.0,2.0,1.0,3.0,3.0,2.0,1.0,7.0,3.0,5.0,3.0,2.0,5.0,6.0,2.0,1.0,4.0,2.0,3.0,1.0,2.0,3.0,2.0,3.0,1.0,3.0,2.0,1.0,3.0,1.0,0.0,1.0,1.0,3.0,3.0,1.0,2.0,0.0,3.0,0.0,3.0,2.0,3.0,1.0,0.0,3.0,1.0,15.0,5.0,2.0,5.0,6.0,3.0,4.0,6.0,5.0,4.0,4.0,4.0,2.0,0.0,1.0,46.0,49.0
210,4.0,4.0,2.0,4.0,3.0,3.0,3.0,3.0,3.0,3.0,4.0,4.0,2.0,3.0,4.0,3.0,4.0,4.0,3.0,4.0,4.0,3.0,3.0,3.0,3.0,4.0,4.0,4.0,1.0,1.0,2.0,1.0,2.0,2.0,1.0,1.0,1.0,2.0,2.0,2.0,2.0,2.0,1.0,2.0,2.0,2.0,1.0,2.0,3.0,2.0,2.0,2.0,2.0,3.0,2.0,2.0,1.0,16.0,2.0,2.0,3.0,3.0,3.0,4.0,4.0,4.0,4.0,4.0,4.0,4.0,4.0,5.0,50.0,45.0
211,2.0,4.0,3.0,5.0,4.0,1.0,2.0,1.0,4.0,2.0,3.0,3.0,5.0,2.0,4.0,7.0,2.0,1.0,4.0,4.0,6.0,4.0,7.0,5.0,2.0,5.0,3.0,5.0,2.0,2.0,1.0,1.0,2.0,1.0,2.0,2.0,2.0,1.0,1.0,2.0,3.0,2.0,2.0,0.0,3.0,1.0,2.0,3.0,2.0,0.0,3.0,3.0,3.0,3.0,0.0,0.0,1.0,17.0,4.0,4.0,3.0,2.0,4.0,4.0,1.0,4.0,5.0,5.0,1.0,6.0,0.0,6.0,59.0,41.0
212,4.0,2.0,2.0,4.0,4.0,1.0,2.0,2.0,3.0,2.0,3.0,4.0,5.0,4.0,2.0,3.0,1.0,3.0,2.0,4.0,2.0,2.0,3.0,3.0,3.0,3.0,3.0,3.0,0.0,1.0,2.0,2.0,1.0,2.0,1.0,2.0,3.0,1.0,2.0,1.0,2.0,0.0,1.0,1.0,1.0,2.0,1.0,1.0,3.0,0.0,2.0,1.0,1.0,1.0,1.0,1.0,1.0,17.0,1.0,2.0,4.0,4.0,2.0,3.0,3.0,6.0,2.0,1.0,3.0,2.0,1.0,3.0,37.0,42.0
213,2.0,5.0,3.0,4.0,5.0,3.0,3.0,4.0,5.0,5.0,4.0,5.0,4.0,5.0,3.0,2.0,6.0,7.0,5.0,4.0,5.0,4.0,6.0,4.0,5.0,5.0,7.0,7.0,3.0,3.0,2.0,0.0,2.0,2.0,3.0,2.0,1.0,3.0,0.0,2.0,3.0,2.0,3.0,3.0,2.0,0.0,3.0,0.0,3.0,0.0,3.0,3.0,3.0,0.0,0.0,0.0,1.0,17.0,6.0,6.0,4.0,0.0,5.0,6.0,5.0,4.0,4.0,5.0,0.0,3.0,0.0,3.0,70.0,57.0
214,5.0,5.0,5.0,5.0,5.0,5.0,5.0,5.0,5.0,5.0,4.0,5.0,5.0,5.0,4.0,3.0,5.0,7.0,5.0,4.0,3.0,3.0,7.0,7.0,5.0,7.0,7.0,5.0,3.0,3.0,0.0,0.0,3.0,0.0,3.0,3.0,0.0,0.0,0.0,3.0,0.0,2.0,3.0,0.0,3.0,3.0,0.0,3.0,3.0,3.0,1.0,2.0,2.0,1.0,1.0,2.0,1.0,15.0,3.0,6.0,3.0,0.0,6.0,1.0,0.0,3.0,6.0,4.0,5.0,5.0,4.0,1.0,72.0,69.0
215,4.0,3.0,3.0,5.0,4.0,3.0,4.0,4.0,4.0,4.0,4.0,4.0,4.0,4.0,4.0,3.0,3.0,4.0,4.0,7.0,6.0,5.0,6.0,6.0,4.0,6.0,5.0,5.0,3.0,2.0,2.0,2.0,3.0,0.0,2.0,1.0,2.0,2.0,2.0,2.0,2.0,1.0,2.0,1.0,1.0,2.0,2.0,2.0,2.0,0.0,2.0,2.0,2.0,1.0,0.0,0.0,1.0,15.0,5.0,4.0,3.0,4.0,5.0,4.0,1.0,4.0,3.0,3.0,2.0,4.0,0.0,3.0,68.0,54.0
216,3.0,4.0,3.0,5.0,4.0,3.0,2.0,3.0,4.0,4.0,4.0,4.0,4.0,4.0,3.0,2.0,3.0,3.0,3.0,2.0,3.0,3.0,5.0,6.0,2.0,7.0,4.0,3.0,2.0,1.0,3.0,2.0,2.0,1.0,2.0,3.0,2.0,1.0,3.0,1.0,2.0,1.0,2.0,1.0,2.0,1.0,3.0,3.0,3.0,1.0,2.0,1.0,2.0,3.0,0.0,1.0,1.0,16.0,5.0,3.0,6.0,5.0,4.0,3.0,2.0,5.0,3.0,3.0,2.0,4.0,1.0,5.0,49.0,51.0
217,4.0,4.0,4.0,4.0,4.0,5.0,4.0,4.0,4.0,5.0,5.0,3.0,3.0,4.0,5.0,7.0,6.0,7.0,6.0,7.0,5.0,6.0,7.0,6.0,4.0,7.0,7.0,6.0,2.0,2.0,2.0,0.0,2.0,0.0,3.0,2.0,2.0,2.0,0.0,2.0,0.0,2.0,3.0,0.0,2.0,2.0,0.0,3.0,2.0,2.0,3.0,2.0,2.0,1.0,2.0,2.0,2.0,17.0,2.0,5.0,4.0,0.0,5.0,5.0,0.0,4.0,4.0,4.0,4.0,5.0,4.0,1.0,86.0,57.0
218,4.0,4.0,4.0,4.0,4.0,3.0,2.0,3.0,3.0,4.0,4.0,2.0,5.0,5.0,3.0,7.0,6.0,4.0,3.0,2.0,4.0,2.0,6.0,5.0,6.0,5.0,5.0,5.0,3.0,3.0,2.0,0.0,2.0,1.0,3.0,3.0,2.0,2.0,0.0,3.0,2.0,3.0,2.0,1.0,3.0,2.0,2.0,2.0,3.0,2.0,3.0,2.0,1.0,1.0,2.0,0.0,2.0,16.0,5.0,6.0,5.0,0.0,4.0,5.0,2.0,5.0,6.0,4.0,2.0,4.0,4.0,3.0,63.0,51.0
219,1.0,1.0,5.0,5.0,5.0,1.0,1.0,1.0,5.0,5.0,5.0,5.0,1.0,2.0,7.0,7.0,1.0,7.0,7.0,1.0,7.0,6.0,7.0,1.0,7.0,1.0,7.0,4.0,0.0,0.0,0.0,3.0,1.0,0.0,0.0,0.0,0.0,0.0,3.0,0.0,3.0,0.0,0.0,0.0,0.0,0.0,0.0,0.0,3.0,0.0,0.0,3.0,0.0,3.0,0.0,0.0,2.0,16.0,0.0,0.0,0.0,6.0,1.0,0.0,0.0,3.0,0.0,0.0,0.0,3.0,0.0,6.0,70.0,43.0
220,4.0,4.0,3.0,5.0,4.0,2.0,4.0,4.0,3.0,5.0,3.0,2.0,4.0,4.0,5.0,5.0,4.0,6.0,5.0,6.0,6.0,5.0,7.0,6.0,7.0,5.0,6.0,7.0,3.0,2.0,3.0,1.0,3.0,3.0,3.0,2.0,3.0,2.0,2.0,3.0,2.0,2.0,2.0,2.0,2.0,3.0,2.0,2.0,3.0,3.0,3.0,3.0,2.0,3.0,0.0,2.0,2.0,17.0,5.0,5.0,5.0,3.0,5.0,5.0,5.0,6.0,5.0,4.0,5.0,5.0,3.0,5.0,80.0,51.0
221,3.0,3.0,3.0,3.0,3.0,3.0,3.0,3.0,3.0,3.0,3.0,3.0,3.0,3.0,4.0,4.0,4.0,4.0,4.0,4.0,4.0,4.0,4.0,4.0,4.0,4.0,4.0,4.0,1.0,1.0,1.0,1.0,1.0,1.0,1.0,1.0,1.0,1.0,1.0,1.0,1.0,1.0,1.0,1.0,1.0,1.0,1.0,1.0,1.0,1.0,1.0,1.0,1.0,1.0,1.0,1.0,2.0,15.0,2.0,2.0,2.0,2.0,2.0,2.0,2.0,2.0,2.0,2.0,2.0,2.0,2.0,2.0,56.0,42.0
222,3.0,3.0,4.0,5.0,4.0,2.0,5.0,5.0,5.0,4.0,5.0,4.0,5.0,3.0,5.0,6.0,6.0,7.0,7.0,5.0,7.0,7.0,7.0,7.0,7.0,6.0,7.0,6.0,3.0,2.0,3.0,0.0,2.0,1.0,3.0,3.0,3.0,1.0,0.0,2.0,3.0,2.0,3.0,3.0,3.0,1.0,3.0,3.0,2.0,3.0,3.0,3.0,2.0,2.0,2.0,2.0,2.0,15.0,6.0,5.0,6.0,0.0,5.0,4.0,4.0,5.0,5.0,4.0,3.0,6.0,5.0,5.0,90.0,57.0
223,4.0,5.0,4.0,4.0,5.0,5.0,4.0,4.0,5.0,4.0,4.0,5.0,4.0,5.0,5.0,5.0,5.0,5.0,6.0,7.0,7.0,6.0,6.0,6.0,6.0,7.0,7.0,7.0,2.0,3.0,2.0,0.0,3.0,0.0,3.0,3.0,3.0,2.0,0.0,3.0,2.0,2.0,3.0,0.0,3.0,2.0,2.0,2.0,2.0,2.0,3.0,3.0,3.0,3.0,2.0,1.0,1.0,13.0,4.0,6.0,5.0,0.0,6.0,5.0,0.0,5.0,6.0,5.0,3.0,5.0,4.0,5.0,85.0,62.0
224,5.0,3.0,5.0,5.0,5.0,4.0,3.0,3.0,5.0,5.0,4.0,5.0,5.0,5.0,7.0,5.0,4.0,7.0,6.0,6.0,5.0,4.0,7.0,7.0,5.0,7.0,7.0,7.0,3.0,2.0,2.0,0.0,3.0,1.0,3.0,0.0,2.0,3.0,0.0,3.0,1.0,3.0,3.0,0.0,2.0,2.0,1.0,1.0,1.0,1.0,3.0,2.0,2.0,0.0,0.0,1.0,2.0,15.0,4.0,5.0,2.0,0.0,6.0,6.0,1.0,3.0,5.0,5.0,3.0,3.0,1.0,1.0,84.0,62.0
225,4.0,3.0,3.0,3.0,3.0,3.0,3.0,4.0,3.0,3.0,3.0,2.0,4.0,2.0,7.0,3.0,2.0,3.0,5.0,5.0,7.0,6.0,6.0,4.0,4.0,4.0,4.0,5.0,0.0,3.0,0.0,1.0,1.0,0.0,3.0,0.0,0.0,1.0,1.0,1.0,1.0,2.0,2.0,0.0,1.0,1.0,0.0,1.0,2.0,0.0,1.0,1.0,2.0,1.0,0.0,0.0,2.0,15.0,0.0,6.0,0.0,2.0,3.0,2.0,0.0,2.0,2.0,4.0,1.0,2.0,0.0,2.0,65.0,43.0
226,4.0,3.0,3.0,4.0,4.0,4.0,4.0,4.0,4.0,4.0,5.0,3.0,5.0,3.0,7.0,5.0,6.0,6.0,7.0,7.0,7.0,7.0,7.0,5.0,5.0,7.0,6.0,6.0,1.0,3.0,1.0,1.0,2.0,0.0,3.0,1.0,1.0,1.0,1.0,2.0,1.0,3.0,2.0,1.0,2.0,1.0,1.0,2.0,2.0,0.0,2.0,3.0,3.0,1.0,0.0,0.0,2.0,18.0,2.0,6.0,2.0,2.0,4.0,3.0,1.0,3.0,4.0,6.0,1.0,5.0,0.0,2.0,88.0,54.0
227,4.0,2.0,2.0,5.0,5.0,4.0,4.0,4.0,3.0,4.0,4.0,4.0,4.0,3.0,7.0,5.0,5.0,5.0,5.0,7.0,7.0,7.0,7.0,5.0,6.0,6.0,6.0,6.0,1.0,2.0,0.0,1.0,1.0,0.0,3.0,0.0,0.0,2.0,1.0,2.0,1.0,3.0,2.0,0.0,2.0,0.0,0.0,2.0,2.0,1.0,2.0,3.0,3.0,1.0,1.0,0.0,2.0,16.0,1.0,5.0,0.0,2.0,3.0,4.0,0.0,2.0,4.0,6.0,0.0,5.0,2.0,2.0,84.0,52.0
228,4.0,4.0,4.0,4.0,4.0,3.0,3.0,4.0,4.0,4.0,4.0,4.0,4.0,3.0,5.0,4.0,4.0,5.0,4.0,4.0,5.0,5.0,7.0,5.0,4.0,6.0,5.0,5.0,2.0,2.0,1.0,1.0,2.0,1.0,2.0,1.0,1.0,1.0,1.0,2.0,1.0,2.0,2.0,1.0,2.0,1.0,2.0,2.0,2.0,1.0,2.0,2.0,2.0,1.0,1.0,1.0,2.0,15.0,4.0,4.0,2.0,2.0,4.0,3.0,2.0,3.0,4.0,4.0,2.0,4.0,2.0,2.0,68.0,53.0
229,4.0,4.0,4.0,4.0,4.0,2.0,3.0,4.0,4.0,4.0,4.0,3.0,4.0,4.0,6.0,4.0,4.0,5.0,5.0,5.0,5.0,4.0,6.0,6.0,6.0,6.0,6.0,7.0,3.0,3.0,0.0,0.0,1.0,1.0,3.0,1.0,2.0,1.0,0.0,2.0,1.0,2.0,1.0,1.0,2.0,2.0,2.0,2.0,2.0,1.0,2.0,2.0,2.0,2.0,1.0,1.0,2.0,15.0,5.0,6.0,1.0,0.0,2.0,3.0,2.0,4.0,4.0,4.0,3.0,4.0,2.0,3.0,75.0,52.0
230,4.0,4.0,3.0,4.0,4.0,3.0,3.0,4.0,4.0,4.0,3.0,4.0,4.0,3.0,5.0,4.0,5.0,5.0,4.0,5.0,5.0,5.0,5.0,5.0,5.0,5.0,5.0,5.0,2.0,2.0,1.0,0.0,2.0,0.0,3.0,2.0,1.0,3.0,0.0,2.0,2.0,2.0,2.0,1.0,2.0,0.0,0.0,2.0,2.0,2.0,2.0,2.0,2.0,2.0,2.0,0.0,2.0,14.0,2.0,5.0,3.0,0.0,4.0,5.0,1.0,3.0,4.0,4.0,0.0,4.0,4.0,4.0,68.0,51.0
231,4.0,4.0,4.0,4.0,4.0,4.0,4.0,4.0,4.0,4.0,4.0,4.0,4.0,4.0,5.0,3.0,3.0,5.0,5.0,4.0,5.0,5.0,6.0,5.0,5.0,5.0,6.0,6.0,2.0,2.0,2.0,1.0,2.0,1.0,3.0,1.0,2.0,1.0,1.0,2.0,1.0,2.0,2.0,1.0,2.0,2.0,1.0,2.0,2.0,1.0,2.0,2.0,2.0,2.0,1.0,1.0,2.0,17.0,3.0,5.0,3.0,2.0,4.0,3.0,2.0,4.0,4.0,4.0,3.0,4.0,2.0,3.0,68.0,56.0
232,5.0,4.0,4.0,5.0,5.0,4.0,2.0,4.0,4.0,4.0,4.0,3.0,4.0,3.0,7.0,3.0,4.0,5.0,5.0,5.0,5.0,7.0,7.0,7.0,7.0,7.0,7.0,7.0,0.0,3.0,0.0,0.0,2.0,0.0,3.0,0.0,0.0,2.0,0.0,3.0,1.0,3.0,2.0,0.0,3.0,2.0,0.0,3.0,2.0,1.0,2.0,3.0,3.0,2.0,1.0,1.0,2.0,16.0,0.0,6.0,0.0,0.0,4.0,4.0,0.0,2.0,6.0,6.0,3.0,6.0,2.0,3.0,83.0,55.0
233,4.0,4.0,4.0,4.0,4.0,2.0,2.0,4.0,4.0,2.0,4.0,2.0,4.0,4.0,6.0,4.0,4.0,5.0,4.0,5.0,5.0,5.0,6.0,6.0,5.0,6.0,6.0,6.0,0.0,3.0,1.0,0.0,3.0,0.0,3.0,0.0,1.0,3.0,0.0,3.0,2.0,2.0,3.0,0.0,2.0,2.0,0.0,2.0,2.0,1.0,3.0,3.0,3.0,2.0,1.0,1.0,2.0,17.0,0.0,6.0,1.0,0.0,6.0,6.0,0.0,3.0,5.0,5.0,3.0,5.0,2.0,4.0,73.0,48.0
234,2.0,3.0,3.0,4.0,3.0,3.0,3.0,2.0,3.0,4.0,2.0,4.0,4.0,3.0,4.0,7.0,3.0,4.0,3.0,4.0,3.0,4.0,7.0,5.0,7.0,5.0,6.0,4.0,2.0,2.0,1.0,2.0,2.0,1.0,1.0,2.0,2.0,1.0,2.0,2.0,1.0,2.0,2.0,1.0,2.0,1.0,2.0,2.0,2.0,3.0,2.0,2.0,1.0,1.0,3.0,1.0,2.0,17.0,4.0,3.0,3.0,4.0,4.0,3.0,2.0,4.0,4.0,3.0,2.0,4.0,6.0,2.0,66.0,43.0
235,2.0,3.0,3.0,3.0,5.0,2.0,2.0,2.0,2.0,2.0,4.0,3.0,5.0,4.0,3.0,7.0,5.0,5.0,5.0,3.0,7.0,4.0,7.0,7.0,6.0,4.0,7.0,4.0,1.0,1.0,0.0,1.0,2.0,0.0,0.0,0.0,1.0,0.0,0.0,0.0,0.0,2.0,0.0,0.0,1.0,3.0,1.0,2.0,2.0,1.0,2.0,2.0,2.0,2.0,2.0,3.0,2.0,18.0,2.0,1.0,0.0,1.0,2.0,2.0,0.0,3.0,1.0,4.0,6.0,4.0,3.0,2.0,74.0,42.0
236,5.0,5.0,5.0,5.0,4.0,5.0,3.0,3.0,5.0,4.0,5.0,5.0,5.0,5.0,7.0,7.0,7.0,7.0,7.0,4.0,7.0,5.0,7.0,7.0,7.0,7.0,7.0,7.0,3.0,3.0,0.0,0.0,0.0,0.0,3.0,0.0,3.0,3.0,0.0,3.0,0.0,3.0,3.0,0.0,3.0,3.0,3.0,3.0,0.0,0.0,2.0,3.0,3.0,1.0,3.0,1.0,2.0,18.0,6.0,6.0,0.0,0.0,3.0,5.0,0.0,3.0,6.0,6.0,4.0,6.0,3.0,1.0,93.0,64.0
237,4.0,3.0,2.0,3.0,3.0,3.0,2.0,3.0,4.0,2.0,3.0,3.0,2.0,1.0,5.0,3.0,5.0,2.0,5.0,6.0,4.0,5.0,4.0,4.0,3.0,5.0,5.0,3.0,2.0,1.0,2.0,1.0,2.0,2.0,2.0,1.0,1.0,0.0,2.0,2.0,2.0,1.0,2.0,2.0,2.0,1.0,2.0,2.0,1.0,2.0,3.0,2.0,2.0,1.0,2.0,2.0,1.0,17.0,4.0,3.0,3.0,3.0,4.0,3.0,4.0,2.0,4.0,3.0,3.0,4.0,4.0,3.0,59.0,38.0
238,3.0,3.0,4.0,3.0,4.0,2.0,3.0,4.0,3.0,4.0,4.0,2.0,3.0,3.0,4.0,6.0,3.0,6.0,5.0,6.0,6.0,4.0,7.0,5.0,5.0,6.0,5.0,5.0,2.0,2.0,2.0,3.0,2.0,1.0,2.0,2.0,1.0,2.0,2.0,2.0,1.0,2.0,2.0,2.0,2.0,3.0,0.0,2.0,2.0,2.0,2.0,2.0,1.0,1.0,2.0,1.0,2.0,17.0,2.0,4.0,4.0,5.0,4.0,4.0,3.0,3.0,4.0,3.0,4.0,4.0,4.0,2.0,73.0,45.0
239,4.0,4.0,3.0,4.0,4.0,3.0,4.0,3.0,4.0,4.0,5.0,5.0,5.0,5.0,6.0,6.0,4.0,7.0,7.0,4.0,6.0,6.0,7.0,7.0,7.0,7.0,7.0,6.0,3.0,3.0,3.0,0.0,3.0,0.0,3.0,2.0,2.0,2.0,1.0,3.0,1.0,3.0,3.0,0.0,3.0,3.0,3.0,3.0,2.0,2.0,3.0,3.0,3.0,2.0,0.0,1.0,2.0,18.0,6.0,6.0,5.0,1.0,6.0,5.0,0.0,4.0,6.0,6.0,4.0,6.0,2.0,3.0,87.0,57.0
240,5.0,5.0,4.0,5.0,4.0,5.0,5.0,5.0,5.0,5.0,5.0,5.0,5.0,5.0,7.0,7.0,6.0,7.0,5.0,7.0,7.0,7.0,7.0,6.0,7.0,7.0,7.0,6.0,2.0,3.0,1.0,0.0,3.0,0.0,3.0,1.0,1.0,3.0,0.0,2.0,2.0,2.0,3.0,0.0,2.0,3.0,2.0,2.0,2.0,2.0,3.0,1.0,3.0,1.0,2.0,0.0,2.0,18.0,4.0,6.0,2.0,0.0,6.0,6.0,0.0,3.0,4.0,5.0,3.0,3.0,4.0,3.0,93.0,68.0
241,1.0,2.0,2.0,4.0,5.0,5.0,5.0,4.0,4.0,4.0,5.0,4.0,5.0,3.0,5.0,3.0,6.0,6.0,4.0,5.0,5.0,5.0,3.0,6.0,5.0,6.0,4.0,5.0,2.0,1.0,2.0,1.0,1.0,2.0,2.0,1.0,2.0,1.0,0.0,2.0,1.0,0.0,1.0,0.0,1.0,1.0,2.0,1.0,1.0,1.0,1.0,0.0,1.0,1.0,1.0,0.0,2.0,17.0,4.0,3.0,3.0,1.0,2.0,2.0,2.0,3.0,3.0,1.0,1.0,1.0,2.0,2.0,68.0,53.0
242,5.0,4.0,4.0,5.0,5.0,4.0,4.0,4.0,5.0,5.0,5.0,4.0,5.0,5.0,6.0,5.0,6.0,5.0,6.0,3.0,7.0,5.0,6.0,6.0,6.0,5.0,6.0,5.0,2.0,2.0,2.0,2.0,2.0,2.0,2.0,2.0,2.0,2.0,2.0,2.0,2.0,2.0,2.0,2.0,2.0,2.0,2.0,2.0,2.0,2.0,2.0,2.0,2.0,2.0,2.0,1.0,2.0,15.0,4.0,4.0,4.0,4.0,4.0,4.0,4.0,4.0,4.0,4.0,3.0,4.0,4.0,4.0,77.0,64.0
243,2.0,1.0,2.0,5.0,4.0,1.0,1.0,1.0,2.0,1.0,5.0,3.0,1.0,1.0,7.0,4.0,7.0,6.0,7.0,7.0,7.0,4.0,6.0,4.0,6.0,7.0,7.0,7.0,3.0,3.0,0.0,1.0,3.0,0.0,3.0,0.0,1.0,2.0,1.0,2.0,0.0,3.0,3.0,0.0,2.0,0.0,3.0,3.0,3.0,0.0,3.0,1.0,3.0,0.0,0.0,0.0,1.0,16.0,6.0,6.0,0.0,2.0,6.0,5.0,0.0,4.0,4.0,6.0,0.0,4.0,0.0,0.0,86.0,30.0
244,2.0,3.0,3.0,3.0,2.0,2.0,3.0,3.0,3.0,3.0,3.0,3.0,3.0,3.0,3.0,4.0,3.0,7.0,4.0,4.0,6.0,4.0,5.0,3.0,5.0,4.0,4.0,5.0,2.0,2.0,3.0,2.0,2.0,2.0,3.0,0.0,2.0,1.0,3.0,2.0,2.0,1.0,2.0,1.0,2.0,2.0,2.0,1.0,1.0,2.0,2.0,2.0,2.0,2.0,0.0,2.0,1.0,16.0,4.0,5.0,3.0,5.0,4.0,3.0,3.0,3.0,4.0,3.0,4.0,3.0,2.0,4.0,61.0,39.0
245,4.0,4.0,3.0,5.0,5.0,3.0,3.0,3.0,5.0,4.0,5.0,5.0,5.0,5.0,5.0,7.0,2.0,2.0,7.0,6.0,3.0,4.0,7.0,7.0,5.0,7.0,7.0,4.0,1.0,2.0,2.0,3.0,3.0,2.0,0.0,3.0,1.0,1.0,3.0,3.0,1.0,0.0,2.0,3.0,3.0,3.0,1.0,1.0,1.0,0.0,0.0,2.0,1.0,1.0,0.0,1.0,1.0,17.0,2.0,2.0,5.0,6.0,5.0,1.0,5.0,2.0,6.0,1.0,4.0,3.0,0.0,2.0,73.0,59.0
246,1.0,1.0,1.0,1.0,1.0,1.0,1.0,1.0,1.0,1.0,1.0,3.0,5.0,1.0,1.0,1.0,1.0,1.0,7.0,1.0,7.0,1.0,7.0,7.0,1.0,7.0,1.0,1.0,0.0,0.0,0.0,3.0,0.0,0.0,0.0,0.0,0.0,0.0,3.0,0.0,3.0,0.0,0.0,0.0,0.0,3.0,0.0,0.0,3.0,0.0,0.0,0.0,0.0,3.0,3.0,3.0,1.0,13.0,0.0,0.0,0.0,6.0,0.0,0.0,0.0,3.0,0.0,0.0,6.0,0.0,3.0,6.0,44.0,20.0
247,3.0,3.0,3.0,3.0,3.0,3.0,3.0,3.0,3.0,3.0,3.0,3.0,3.0,3.0,7.0,7.0,4.0,7.0,7.0,7.0,7.0,7.0,7.0,7.0,7.0,7.0,7.0,7.0,3.0,3.0,3.0,1.0,3.0,1.0,3.0,2.0,3.0,3.0,1.0,3.0,1.0,3.0,3.0,1.0,3.0,3.0,3.0,3.0,3.0,1.0,3.0,3.0,3.0,1.0,1.0,3.0,1.0,15.0,6.0,6.0,5.0,2.0,6.0,6.0,2.0,6.0,6.0,6.0,6.0,6.0,2.0,2.0,95.0,42.0
248,3.0,3.0,3.0,4.0,3.0,2.0,4.0,3.0,4.0,3.0,4.0,4.0,4.0,3.0,5.0,4.0,4.0,5.0,4.0,4.0,5.0,4.0,5.0,5.0,4.0,5.0,5.0,4.0,2.0,1.0,2.0,2.0,2.0,2.0,2.0,2.0,2.0,2.0,1.0,1.0,1.0,1.0,2.0,2.0,1.0,0.0,2.0,1.0,2.0,1.0,2.0,2.0,2.0,2.0,0.0,1.0,1.0,15.0,4.0,3.0,4.0,3.0,4.0,4.0,4.0,4.0,2.0,3.0,1.0,3.0,1.0,3.0,63.0,47.0
249,2.0,3.0,3.0,2.0,4.0,3.0,2.0,3.0,4.0,3.0,4.0,3.0,5.0,2.0,5.0,4.0,4.0,2.0,5.0,4.0,6.0,3.0,7.0,2.0,5.0,4.0,2.0,4.0,0.0,1.0,3.0,0.0,2.0,0.0,1.0,2.0,2.0,0.0,0.0,1.0,3.0,1.0,2.0,3.0,2.0,3.0,2.0,3.0,3.0,0.0,2.0,2.0,2.0,3.0,0.0,3.0,1.0,17.0,2.0,2.0,5.0,0.0,4.0,2.0,3.0,5.0,3.0,3.0,6.0,5.0,0.0,6.0,57.0,43.0
250,2.0,4.0,2.0,4.0,1.0,5.0,3.0,3.0,3.0,2.0,4.0,2.0,5.0,1.0,5.0,5.0,5.0,5.0,5.0,2.0,5.0,3.0,7.0,4.0,4.0,7.0,3.0,5.0,2.0,1.0,2.0,1.0,2.0,1.0,2.0,1.0,2.0,1.0,2.0,1.0,2.0,3.0,0.0,3.0,1.0,2.0,2.0,1.0,1.0,3.0,2.0,2.0,1.0,3.0,0.0,1.0,1.0,16.0,4.0,3.0,3.0,3.0,2.0,3.0,4.0,3.0,2.0,4.0,3.0,3.0,3.0,5.0,65.0,41.0
251,2.0,3.0,5.0,4.0,3.0,2.0,3.0,5.0,2.0,5.0,5.0,4.0,5.0,3.0,5.0,7.0,6.0,7.0,4.0,5.0,7.0,7.0,1.0,7.0,6.0,7.0,6.0,6.0,3.0,3.0,1.0,2.0,1.0,2.0,2.0,3.0,0.0,0.0,1.0,2.0,0.0,1.0,3.0,0.0,0.0,3.0,0.0,3.0,0.0,0.0,2.0,3.0,3.0,3.0,0.0,0.0,1.0,15.0,3.0,5.0,4.0,3.0,4.0,2.0,2.0,0.0,2.0,4.0,3.0,6.0,0.0,3.0,81.0,51.0
252,4.0,4.0,4.0,5.0,4.0,3.0,4.0,5.0,4.0,4.0,4.0,4.0,4.0,4.0,6.0,5.0,4.0,7.0,7.0,5.0,7.0,5.0,7.0,7.0,6.0,6.0,7.0,7.0,3.0,3.0,2.0,2.0,2.0,2.0,3.0,1.0,2.0,3.0,1.0,3.0,1.0,2.0,2.0,1.0,3.0,1.0,1.0,3.0,1.0,1.0,2.0,3.0,3.0,0.0,1.0,0.0,1.0,15.0,4.0,6.0,3.0,3.0,4.0,5.0,3.0,3.0,6.0,5.0,1.0,6.0,2.0,1.0,86.0,57.0
253,4.0,,4.0,5.0,4.0,,4.0,5.0,,4.0,4.0,4.0,4.0,4.0,6.0,5.0,4.0,7.0,7.0,5.0,7.0,5.0,7.0,7.0,6.0,6.0,7.0,7.0,3.0,3.0,2.0,2.0,2.0,2.0,3.0,1.0,2.0,3.0,1.0,3.0,1.0,2.0,2.0,1.0,3.0,1.0,1.0,3.0,1.0,1.0,2.0,3.0,3.0,0.0,1.0,0.0,1.0,15.0,4.0,6.0,3.0,3.0,4.0,5.0,3.0,3.0,6.0,5.0,1.0,6.0,2.0,1.0,86.0,57.0
254,4.0,,,,,,,,,,,,,,,,,,,,,,,,,,,,,,,,,,,,,,,,,,,,,,,,,,,,,,,,,,,,,,,,,,,,,,,,,
